location,city,latitude,longitude
JP Nagar Phase 1,bangalore,12.9096941,77.5866067
Kannur on Thanisandra Main Road,bangalore,12.93811,77.60866
Doddanekundi,bangalore,12.9713194,77.6964768
Kengeri,bangalore,12.9229728,77.4842926
Horamavu,bangalore,13.0264172,77.6607702
Thanisandra,bangalore,13.0562923,77.6328481
Ramamurthy Nagar,bangalore,13.0120218,77.6777817
Whitefield Hope Farm Junction,bangalore,12.9822315,77.7518066
Electronic City Phase 1,bangalore,12.8449901,77.6653789
Yelahanka,bangalore,13.1006982,77.5963454
Anjanapura,bangalore,12.8621257,77.563952
Jalahalli,bangalore,13.0464531,77.5483803
Kasavanahalli,bangalore,12.904881,77.675931
Bommasandra,bangalore,12.820922,77.687387
Bellandur,bangalore,12.9371445,77.6720227
RR Nagar,bangalore,12.932582,77.5162034
Begur,bangalore,12.8739338,77.6257894
Hosa Road,bangalore,12.8722557,77.663486
Sahakar Nagar,bangalore,21.1765535,79.6503528
Kadugodi,bangalore,12.9985767,77.7609716
Jakkur,bangalore,13.072274,77.60397
Jigani,bangalore,12.8170129,77.676507
Krishnarajapura,bangalore,12.9999024,77.6776703
Brookefield,bangalore,12.9574345,77.7147082
Banashankari,bangalore,12.915221,77.573598
Nelamangala,bangalore,13.0504205,77.4927727
Attibele,bangalore,12.781354,77.743055
Banaswadi,bangalore,13.0141618,77.6518539
Kodigehalli,bangalore,13.0038165,77.7273361
ITPL,bangalore,12.987475,77.736073
Uttarahalli Hobli,bangalore,12.9059,77.542
Chikkagubbi on Hennur Main Road,bangalore,13.00397,77.619569
Varthur,bangalore,12.956814,77.69731
Vidyaranyapura,bangalore,13.077539,77.570743
Electronic City Phase 2,bangalore,12.8468545,77.6769267
J. P. Nagar,bangalore,12.864146,77.581719
K. Chudahalli,bangalore,12.839971,77.533226
Narayanaghatta,bangalore,12.836902,77.726079
Anekal City,bangalore,12.8413714,77.67591
Sarjapur,bangalore,12.9244884,77.6451418
Koramangala,bangalore,12.9357366,77.624081
Hebbal,bangalore,13.0434496,77.590516
Budigere Cross,bangalore,13.0464988,77.7504582
Bommanahalli,bangalore,12.906713,77.63102
Electronics City,bangalore,12.8871751,77.6112689
Chikkalasandra,bangalore,12.9121916,77.5476337
Kogilu,bangalore,13.103616,77.601203
Nayandahalli,bangalore,12.946067,77.529491
Bilekahalli,bangalore,12.9007941,77.6011827
Muneshwara Nagar,bangalore,13.060469,77.549035
Junnasandra,bangalore,12.905096,77.684502
Narayanapura on Hennur Main Road,bangalore,13.00397,77.619569
Kothanur,bangalore,12.8764315,77.5786186
Kadugodi Industrial Area,bangalore,12.9907478,77.7467309
Sarjapur Road Wipro To Railway Crossing,bangalore,12.970541,77.604785
RMV Extension Stage 2,bangalore,13.0222132,77.5781101
Kudlu,bangalore,12.888987,77.658956
Carmelaram,bangalore,12.9074759,77.6954724
Uttarahalli,bangalore,12.9055682,77.5455438
Anagalapura Near Hennur Main Road,bangalore,13.00397,77.619569
R T  Nagar,bangalore,12.864146,77.581719
JP Nagar Phase 7,bangalore,12.9096941,77.5866067
Subramanyapura,bangalore,12.914786,77.560741
JP Nagar Phase 4,bangalore,12.9096941,77.5866067
JP Nagar Phase 8,bangalore,12.9096941,77.5866067
Amruthahalli,bangalore,13.064538,77.60584
Nagarbhavi,bangalore,12.9512353,77.519054
Chandapura,bangalore,12.809433,77.696841
Marsur,bangalore,12.753934,77.714494
JP Nagar Phase 3,bangalore,12.9096941,77.5866067
JP Nagar Phase 9,bangalore,12.9119148,77.5798871
Gottigere,bangalore,12.856856,77.588849
Kanakapura Road Beyond Nice Ring Road,bangalore,12.882679,77.491296
Harlur,bangalore,12.9058923,77.675465
Konanakunte,bangalore,12.885451,77.566861
Richmond Town,bangalore,12.963555,77.6015856
Jayanagar,bangalore,12.9292731,77.5824229
Domlur,bangalore,12.9624669,77.6381958
Devanahalli,bangalore,13.1426658,77.7341522
Hulimavu,bangalore,12.875248,77.609479
Kumaraswamy Layout,bangalore,12.9150398,77.5678879
Singasandra,bangalore,12.878745,77.646539
JP Nagar Phase 6,bangalore,12.9096941,77.5866067
Sanjaynagar,bangalore,13.0373417,77.5744325
CV Raman Nagar,bangalore,12.9850987,77.6631173
Padmanabhanagar,bangalore,12.9181024,77.5576638
Hennur,bangalore,13.039842,77.641359
KPC Layout,bangalore,12.9041861,77.6778517
R.K. Hegde Nagar,bangalore,13.071502,77.633649
Kannamangala,bangalore,13.0321029,77.7585724
Yerthiganahalli,bangalore,13.195054,77.675241
Badamanavarthekaval,bangalore,12.8447309,77.5001765
Kanakapura,bangalore,12.8693402,77.5366473
Bannerughatta,bangalore,12.8514525,77.5924205
BTM Layout,bangalore,12.916588,77.608118
Kuvempu Layout on Hennur Main Road,bangalore,13.00397,77.619569
Marathahalli,bangalore,12.9552572,77.6984163
Rajajinagar,bangalore,13.000536,77.5497
Whitefield,bangalore,12.9964,77.761423
RMV,bangalore,13.0360109,77.5695288
Bileshivale,bangalore,13.0544797,77.6710295
Nagawara,bangalore,23.3839376,74.2990136
HSR Layout,bangalore,12.9116225,77.6388622
Anjanapura Township,bangalore,12.8615644,77.5296769
Devarachikkana Halli,bangalore,12.8847643,77.6218621
Sampangiram Nagar,bangalore,12.978498,77.591454
Armane Nagar,bangalore,13.0271,77.585651
Basavanagudi,bangalore,12.9417261,77.5755021
Yeshwantpur,bangalore,13.0221838,77.5530824
Battarahalli,bangalore,13.0114726,77.7099343
Adugodi,bangalore,12.941123,77.61858
Kammanahalli,bangalore,13.0178488,77.6364588
Kalyan Nagar,bangalore,13.0221416,77.6403368
Kudlu Gate,bangalore,12.889447,77.640551
Kodipalya,bangalore,12.9044751,77.4879509
Kaggadasapura,bangalore,12.9812262,77.6745845
Malleswaram,bangalore,13.0027353,77.5703253
Akshayanagar,bangalore,12.8750432,77.6164914
Lingarajapuram,bangalore,13.0093949,77.6267881
Indira Nagar,bangalore,17.2490573,80.16963
Nagasandra,bangalore,13.0479536,77.5001422
Kaval Byrasandra,bangalore,13.0197859,77.6077057
Sanjay Nagar,bangalore,12.9578658,77.6958748
Sanjeevini Nagar,bangalore,12.960474,77.559345
Cooke Town,bangalore,13.0021998,77.6251814
Frazer Town,bangalore,13.000875,77.611707
Vasanth Nagar,bangalore,12.9921738,77.591459
NRI Layout,bangalore,13.028526,77.679316
Dasarahalli,bangalore,13.3151073,77.7163854
Kalkere,bangalore,13.0335362,77.6745884
Kartik Nagar,bangalore,12.99368,77.551129
Sarjapur Road Till Wipro,bangalore,12.92419,77.628884
hebbal kempapura,bangalore,13.050194,77.6075951
Cox Town,bangalore,12.9954832,77.6239259
Bendre Nagar,bangalore,13.00989,77.549271
Hosakerehalli,bangalore,12.9299371,77.5374237
Byrathi,bangalore,13.077955,77.653364
Narayanapura,bangalore,12.9967688,77.6840351
Chamrajpet,bangalore,12.956924,77.559896
Nandini Layout,bangalore,13.0125961,77.5333145
Ullal Uppanagar,bangalore,12.957022,77.493578
Doddaballapur,bangalore,13.1135179,77.5794206
Murugesh Palya,bangalore,12.999123,77.615877
Annapurneshwari Nagar,bangalore,13.0271,77.585651
Chandra Layout Extension,bangalore,12.970541,77.604785
BTM Layout 2nd Stage,bangalore,12.9167922,77.6082139
8th Phase JP Nagar,bangalore,12.9185507,77.5856306
Dodda Banaswadi,bangalore,13.09068,77.5561
Sidedahalli,bangalore,13.0625424,77.4953754
HBR Layout,bangalore,13.031992,77.6280789
Rajarajeshwari nagar,bangalore,12.9274413,77.5155224
Uttarahalli Main Road,bangalore,12.93811,77.60866
5th Stage Raja Rajeshwari Nagar,bangalore,12.896004,77.555784
RR Nagar Main Road,bangalore,13.022423,77.592598
DrVishnuvardhan Road,bangalore,13.000046,77.615816
Hennur Main Road,bangalore,13.0196031,77.6300744
JP Nagar Phase 5,bangalore,12.9096941,77.5866067
5th Phase,bangalore,13.1069899,77.5733163
Kadugondanahalli,bangalore,13.0207633,77.6189599
Hosa Road Junction,bangalore,12.8755609,77.6705991
AGS Layout Arehalli,bangalore,12.9135288,77.5408913
Hosur Main Road,bangalore,12.947996,77.606384
Uttarahalli Road,bangalore,12.896309,77.551215
Poornaprajna Layout,bangalore,12.908802,77.535933
Poorna Pragna Layout,bangalore,12.9022049,77.5358062
Banashankari 5th stage,bangalore,12.8778987,77.5089292
Channasandra Layout,bangalore,13.040792,77.681272
JP Nagar 8th Phase,bangalore,12.9185507,77.5856306
Volagerekallahalli,bangalore,12.881907,77.776342
Mysore Road,bangalore,12.9567546,77.54938
Thanisandra Main Road,bangalore,13.0517692,77.6310826
Koppa Begur Road,bangalore,12.905164,77.627617
Sarjapur Road,bangalore,12.9244884,77.6451418
Ulsoor,bangalore,12.9778793,77.6246697
Kathriguppe,bangalore,12.934939,77.560711
Babusabpalya,bangalore,13.0227949,77.6473286
AECS Layout A Block Singasandra,bangalore,12.8829572,77.6500831
KR Puram Bhattarahalli,bangalore,13.01291,77.694904
Raja Rajeshwari Nagar 5th Stage,bangalore,12.8778987,77.5089292
RMV 2nd Stage,bangalore,13.032709,77.570869
Kambipura,bangalore,12.8718914,77.4617673
Pattanagere Main Road,bangalore,12.9215412,77.5091774
Ashwathkatte Road,bangalore,13.0246071,77.6033127
BEML Layout 5th Stage,bangalore,12.906898,77.521518
Shivaji Nagar,bangalore,12.9883249,77.6004488
Bagalur,bangalore,13.142028,77.671455
Sarjapur Attibele,bangalore,12.907421,77.716374
Domlur Layout,bangalore,12.961585,77.638639
sarjapura attibele road,bangalore,12.929616,77.615307
TC Palya Road,bangalore,13.0224556,77.7089821
ISRO Layout,bangalore,12.8974283,77.5573828
Infantry Road,bangalore,12.9800059,77.6050006
Richards Town,bangalore,13.0042369,77.6170601
Pattanagere,bangalore,12.9242632,77.4983378
Benson Town,bangalore,12.997343,77.6036815
Sri Krishna Garden Layout,bangalore,12.979171,77.643664
Kenchena Halli Road,bangalore,12.884771,77.62186
Rajarajeswari Nagar,bangalore,12.99368,77.551129
Bannerghatta Main Road,bangalore,12.799977,77.599351
Mahadevapura,bangalore,12.98971,77.688631
Babusa Palya,bangalore,12.873888,77.486697
Kumaraswamy Layout Vittal Nagar,bangalore,12.909501,77.563259
Ideal Homes Co Operative Housing Society,bangalore,12.9599956,77.649864
5th Stage BEML Layout,bangalore,12.9593244,77.7204903
Dwaraka Nagar,bangalore,17.3225444,78.5524243
Krishna Garden Road,bangalore,12.945031,77.575726
Gubbalala Main Road,bangalore,12.93811,77.60866
RT Nager,bangalore,13.022423,77.592598
Kadathanamale,bangalore,13.206007,77.547167
Manyata Tech Park Nagawara,bangalore,13.048108,77.619776
Chandapura Anekal Road,bangalore,12.795647,77.706579
BEML Layout,bangalore,12.96111,77.716474
Nagavara,bangalore,13.0374647,77.623602
Abbigere,bangalore,13.0710107,77.5280137
HBR Layout 4th Block,bangalore,13.0313957,77.6359521
Panathur Road,bangalore,12.935965,77.7070538
Poornapragna Housing Society L,bangalore,12.970541,77.604785
Wheeler Road Extension,bangalore,13.0039313,77.6246641
Hegde Nagar,bangalore,12.970541,77.604785
Vasanthapura Main Road,bangalore,12.895015,77.5539245
Hennur Road,bangalore,13.0377061,77.6303636
Telecom Layout Thanisandra,bangalore,13.054761,77.622102
Manayata Tech Park,bangalore,12.898672,77.63122
Near Peenya Industrial Area,bangalore,13.0164785,77.5057386
Bennigana Halli,bangalore,13.08716,77.51812
Jaibharath Nagar Bangalore,bangalore,13.022883,77.621136
Sadashiva Nagar,bangalore,13.0110193,77.5808641
Ashok Nagar,bangalore,20.8794332,78.1205106
Kogilu Road Near Yelahanka,bangalore,13.088426,77.61906
Sompura Gate,bangalore,12.8622209,77.77196
Bagaluru,bangalore,13.140498,77.659108
Lavelle Road,bangalore,12.9683401,77.5965067
Kundalahalli,bangalore,12.960748,77.7245071
White Field,bangalore,12.975575,77.751104
Yelahanka New Town,bangalore,13.095653,77.57904
Bannerghatta Road Jigani,bangalore,12.771671,77.63807
Hennagara,bangalore,12.793979,77.679286
EPIP Zone,bangalore,12.9781922,77.7246451
T C Palya Main Road,bangalore,13.029663,77.606143
CV Raman Nagar Kaggadasapura,bangalore,12.9854892,77.6679809
Chikkanayakanahalli at Off Sarjapur,bangalore,12.976277,77.6036223
Ashoka Road,bangalore,13.0050006,77.621275
Sindhi Colony,bangalore,12.9946318,77.6165816
KR Puram Old Madras Road,bangalore,13.019108,77.70784
Bannerghatta,bangalore,12.904879,77.6018017
Begur Road,bangalore,12.8856188,77.6252418
K P Main Road,bangalore,12.9617151,77.4859925
Residential Flat Uttarahalli Hobli,bangalore,12.9059,77.542
Bagaluru Near Yelahanka,bangalore,13.1006982,77.5963454
Ananth Nagar,bangalore,12.99368,77.551129
Electronic City Phase I,bangalore,12.8467081,77.6707137
6th phase jp nagar,bangalore,12.9061211,77.5822037
Ramagondanahalli,bangalore,12.957049,77.740177
Jalahalli West,bangalore,13.045979,77.5222447
Off Bannerghatta Road,bangalore,12.951765,77.603961
JP Nagar,bangalore,12.9006755,77.5872566
Mallasandra,bangalore,13.0572477,77.5098468
JP Nagar Phase 2,bangalore,12.9096941,77.5866067
Maruthi Sevanagar,bangalore,13.002662,77.634644
Hoskote,bangalore,13.07446,77.76702
Bangalore Road,bangalore,12.923066,77.496443
7th Phase JP Nagar,bangalore,12.9185507,77.5856306
Padmanabha Nagar,bangalore,12.916279,77.5560752
Whitefield Road,bangalore,12.9891236,77.7270022
Nirman Layout,bangalore,12.9165878,77.6081182
OMBR Layout,bangalore,13.0107611,77.6465591
Sompura,bangalore,12.8861405,77.5056116
Bengaluru Kanakapura Road,bangalore,12.938741,77.57541
Basapura Main Road,bangalore,12.865669,77.65156
Gunjur Balagere Road,bangalore,12.9312267,77.730136
Hosa Road Electronic City,bangalore,12.870448,77.653873
Budigere,bangalore,13.13502,77.747481
Hennagara Main Road,bangalore,12.793979,77.679286
Off Cunningham Road,bangalore,12.982477,77.598864
Vijaya Bank Layout,bangalore,13.0090127,77.6562397
Geddalahalli,bangalore,13.0483573,77.6452772
Banashankari Stage III,bangalore,12.938983,77.55661
Bellari Road,bangalore,13.000046,77.615816
Bhoopasandra,bangalore,13.0353444,77.58237
Kachanayakanahalli,bangalore,12.802416,77.676465
Seegehalli Road,bangalore,12.9675853,77.4569573
HAL,bangalore,12.9514658,77.6706175
Perungalathur,chennai,13.148358,80.213584
Madhavaram,chennai,13.142911,80.219491
Karapakkam,chennai,12.9117073,80.2277203
Thiruvidandhai,chennai,13.148358,80.213584
Mevalurkuppam,chennai,13.027681,80.007922
Kolapakkam,chennai,12.946261,80.121917
Kundrathur,chennai,13.0306501,80.1529176
Pammal,chennai,13.0347902,80.1994677
Puzhal,chennai,13.1636492,80.2038067
Selaiyur,chennai,12.92056,80.13722
Thoraipakkam OMR,chennai,12.900468,80.226882
Anna Nagar,chennai,13.2073706,80.3150292
Mogappair,chennai,13.083971,80.160863
Sholinganallur,chennai,12.8935356,80.2320634
Medavakkam,chennai,12.9229928,80.1882897
Avadi,chennai,13.0939786,80.2664049
Tiruvottiyur,chennai,13.158641,80.296208
Manapakkam,chennai,13.015949,80.185364
Madipakkam,chennai,12.9611348,80.2001292
Thiruvanmiyur,chennai,12.9858948,80.2644215
Ramapuram,chennai,13.0209667,80.1839683
Saidapet,chennai,13.0239952,80.2281244
Poonamallee,chennai,13.0348327,80.1560039
Pallavaram,chennai,12.967574,80.15205
Maraimalai Nagar,chennai,13.009733,80.239998
Madambakkam,chennai,12.946261,80.121917
Perungudi,chennai,12.9710239,80.2418051
Villivakkam,chennai,13.1125875,80.2081378
Adyar,chennai,13.00645,80.2577791
Navallur,chennai,13.148358,80.213584
Moolacheri,chennai,13.148358,80.213584
Chromepet,chennai,12.9575007,80.1435066
Nandambakkam,chennai,13.0166484,80.1911885
Kelambakkam,chennai,12.7974332,80.2232222
Vadapalani,chennai,13.0509304,80.2120661
Kumananchavadi,chennai,13.045107,80.115673
Porur,chennai,13.0320131,80.158304
Periyapanicheri,chennai,13.0124023,80.1336128
Manikandan Nagar,chennai,12.947325,80.234543
Kodambakkam,chennai,13.028567,80.21989
Velachery,chennai,12.9801655,80.2228506
East Tambaram,chennai,12.928839,80.112359
Gopalapuram,chennai,13.0497324,80.2582028
Sunnambu Kolathur S Kolathur,chennai,12.9463536,80.1973913
Perumbakkam,chennai,12.2202453,78.9945343
Cholambedu,chennai,13.148358,80.213584
Urapakkam,chennai,13.148358,80.213584
Raja Annamalai Puram,chennai,13.0244783,80.253937
Besant Nagar,chennai,13.002989,80.266097
Peerakankaranai,chennai,13.148358,80.213584
Nanmangalam,chennai,12.938564,80.167452
Jamalia,chennai,13.10616,80.250512
Guduvancheri,chennai,12.8439997,80.0603546
Sembakkam,chennai,12.925561,80.168885
Adambakkam,chennai,12.9822215,80.209121
Nungambakkam,chennai,13.0620626,80.240487
T Nagar,chennai,13.0397632,80.2356071
K K Nagar,chennai,13.133881,80.238291
Ambattur,chennai,13.088715,80.169337
Valasaravakkam,chennai,13.049834,80.166474
Kanathur Reddikuppam,chennai,13.0262354,80.2260597
Mugalivakkam,chennai,13.024951,80.167748
Maduravoyal,chennai,13.0601732,80.1665988
Gowrivakkam,chennai,13.148358,80.213584
Mudichur,chennai,12.9600313,80.2144699
West Tambaram,chennai,13.148358,80.213584
Alwarpet,chennai,13.0338602,80.2545491
Annanagar West,chennai,13.0851247,80.2141968
Thiruverkadu,chennai,13.087046,80.125482
tambaram west,chennai,12.925932,80.117748
Guindy,chennai,13.0087095,80.2203646
Korattur,chennai,13.1115484,80.1846272
Tambaram Sanatoruim,chennai,12.925792,80.117919
Irumbuliyur,chennai,12.9600313,80.2144699
Kolathur,chennai,13.124021,80.212645
Thirumullaivoyal,chennai,13.1309288,80.131225
Singaperumal Koil,chennai,13.07623,80.2675221
Ayapakkam,chennai,13.0990884,80.1425236
Perambur,chennai,13.1121242,80.245022
Chetpet,chennai,13.0717448,80.2437973
Kilpauk,chennai,13.0832149,80.2379864
Egmore,chennai,13.0728321,80.2576906
Alandur,chennai,12.9943729,80.1942837
Kovur,chennai,13.0035434,80.1272505
Vandalur,chennai,12.9600313,80.2144699
Pozhichalur,chennai,13.148358,80.213584
Vanagaram,chennai,13.0870256,80.1608837
Thoraipakkam,chennai,12.9486776,80.2066512
Ullagaram,chennai,12.9765868,80.1967196
Kovilambakkam,chennai,12.945096,80.191894
Kattupakkam,chennai,13.043062,80.122765
Thirumazhisai,chennai,13.049804,80.066149
Kattankulathur,chennai,13.148358,80.213584
Ayanambakkam,chennai,13.076678,80.133389
Sithalapakkam,chennai,13.148358,80.213584
Vengaivasal,chennai,12.917803,80.163843
Kilkattalai,chennai,12.95667,80.18167
Annanagar,chennai,13.095006,80.198806
Chengalpattu,chennai,13.148358,80.213584
Pallikaranai,chennai,12.9304748,80.2077692
Rajakilpakkam,chennai,12.91944,80.16972
Chitlapakkam,chennai,12.937461,80.146495
Palavakkam,chennai,12.95999,80.2560268
Kotturpuram,chennai,13.0193703,80.2435512
Nenmeli,chennai,12.663413,80.026281
Ramavaram,chennai,15.28337,78.125259
Padi,chennai,13.1036615,80.1948091
NehruNagar,chennai,13.148358,80.213584
Thatchoor,chennai,13.303512,80.156248
Padur,chennai,13.148358,80.213584
Mambakkam,chennai,13.148358,80.213584
Egatoor,chennai,12.8330267,80.228884
Semmancheri,chennai,12.875186,80.210633
Virugambakkam,chennai,13.0475434,80.1922181
Moolakadai,chennai,13.1291684,80.2416991
Siruseri,chennai,12.834776,80.228724
Velappanchavadi,chennai,13.061097,80.138618
Ekkatuthangal,chennai,13.148358,80.213584
Royapettah,chennai,13.053618,80.266489
Nandanam,chennai,13.0317092,80.2411957
Vellakkal,chennai,12.67923,78.705134
Annamalai Colony,chennai,12.9708261,80.1932183
Thalambur,chennai,12.8469006,80.2271771
Nanganallur,chennai,12.9801242,80.184902
Chembarambakkam,chennai,13.016769,80.1367942
Teynampet,chennai,13.0368003,80.2464194
Mannivakkam,chennai,13.148358,80.213584
Thaiyur,chennai,12.763461,80.1581385
Injambakkam,chennai,12.9189367,80.251295
Aminjikarai,chennai,13.0721399,80.2205453
CIT Nagar,chennai,13.0293843,80.2342825
Koyambedu,chennai,13.072024,80.198037
Kil Ayanambakkam,chennai,13.148358,80.213584
Choolaimedu,chennai,13.0602645,80.2302043
Thirumudivakkam,chennai,12.961302,80.145196
Kottivakkam,chennai,12.9705053,80.2615033
Ponneri,chennai,13.1647034,80.2702818
Mahindra World City,chennai,12.7291874,79.9995212
Purasawalkam,chennai,13.079959,80.254787
Anakaputhur,chennai,12.983299,80.127674
TNHB,chennai,12.8874026,80.2335971
Manali,chennai,13.1294075,80.2679725
Mogappair East,chennai,13.0887994,80.1704906
Bakthavatchalapuram,chennai,13.148358,80.213584
Chikkarayapuram,chennai,13.0145621,80.0945056
Triplicane,chennai,13.0604285,80.2750704
Agaramthen,chennai,13.148358,80.213584
Vengambakkam,chennai,12.892133,80.138329
Keelma Nagar,chennai,13.148358,80.213584
Gerugambakkam,chennai,12.978231,80.130469
Ponniammanmedu,chennai,13.148358,80.213584
Ambattur INDUSTRIAL ESTATE,chennai,13.0922855,80.1675492
Royapuram,chennai,13.1146195,80.2940279
Shanthi Nagar,chennai,12.9890675,80.1988878
Serapanacheri,chennai,13.148358,80.213584
Kuthambakkam,chennai,13.049286,80.025884
Anna Nagar East,chennai,13.090261,80.220499
Pudupakkam,chennai,13.06124,80.27017
Thiruneermalai,chennai,12.939411,80.11353
Mangadu,chennai,13.0580877,80.2439658
Arumbakkam,chennai,13.074371,80.2081312
Irandankattalai,chennai,13.148358,80.213584
West Mambalam,chennai,13.041274,80.218735
Tondiarpet,chennai,13.1277669,80.2895845
Ayanavaram,chennai,13.0946157,80.23541
Mappedu,chennai,13.03096,79.86206
Abiramapuram,chennai,13.03044,80.256798
Mylapore,chennai,13.0316473,80.2700166
Shenoy Nagar,chennai,13.0786669,80.2272547
Ashok Nagar,chennai,13.0400731,80.2159247
Tharapakkam,chennai,13.0035434,80.1272505
OMR Road,chennai,12.9421876,80.2372216
GST Road,chennai,13.148358,80.213584
200 Feet Radial Road,chennai,13.070475,80.160841
Adhanur,chennai,13.148358,80.213584
Egattur,chennai,12.8358863,80.2295898
tambaram east,chennai,13.148358,80.213584
Pallikaranai VGP Shanti Nagar,chennai,13.148358,80.213584
Sector 10 Dwarka,delhi,28.5843698,77.0582331
Uttam Nagar,delhi,28.6215226,77.0611064
Sarita Vihar,delhi,28.5334785,77.2935232
Dwarka Mor,delhi,28.61931,77.033279
Sector 7 Dwarka,delhi,28.5957473,77.0624585
Sector 6 Dwarka,delhi,28.7123117,77.111507
Sector 5 Dwarka,delhi,28.5975049,77.0569723
Sector 23 Rohini,delhi,28.7227607,77.0809395
Mayur Vihar II,delhi,28.6185287,77.3026578
Sector 24 Rohini,delhi,28.7299221,77.0884513
Sector 11 Dwarka,delhi,28.5895466,77.0503536
Sector 23 Dwarka,delhi,28.5619923,77.0491008
Sector 12 Dwarka,delhi,28.5944829,77.0427147
West End,delhi,28.5747614,77.1630662
Sector 9 Rohini,delhi,28.732753,77.122822
Mundka,delhi,28.6824341,77.0305741
Sector 13 Rohini,delhi,28.7214404,77.1300039
Jamia Nagar,delhi,28.5687308,77.2848272
Sector 19 Dwarka,delhi,28.5764755,77.0478533
Sector 17 Dwarka,delhi,28.5925935,77.0268297
Bindapur,delhi,28.6126708,77.0721766
Sector-18 Dwarka,delhi,28.5863292,77.0348886
Vasant Kunj,delhi,28.5292495,77.1541335
Shastri Nagar,delhi,28.67536,77.177105
Sector-8 Rohini,delhi,28.6997763,77.1091863
Sector 9 Dwarka,delhi,28.5788649,77.0656272
Shanti Park Dwarka,delhi,28.599628,77.191897
Govindpuri,delhi,28.5351561,77.2637936
Sector 22 Dwarka,delhi,28.587521,77.046547
Matiala,delhi,28.609631,77.0467536
Saket,delhi,28.5244107,77.2137253
Mahavir Enclave,delhi,28.597234,77.080922
Burari,delhi,28.7327031,77.1921744
Shahdara,delhi,28.687704,77.283498
Babarpur,delhi,28.6874305,77.2797551
Khanpur,delhi,28.5127982,77.2323949
Sector 13 Dwarka,delhi,28.587521,77.046547
Mansa Ram Park,delhi,28.615855,77.066096
Green Park,delhi,28.5564421,77.2038699
Kalkaji,delhi,28.5230168,77.2692295
Sector 4 Dwarka,delhi,28.601669,77.0489574
DLF Phase 5,delhi,28.6661963,77.150915
Sector 3 Dwarka,delhi,28.6075594,77.0437918
Chittaranjan Park,delhi,28.53981,77.252105
Chattarpur,delhi,28.4971399,77.1812506
Greater Kailash,delhi,28.5419077,77.2384925
Sector-14 Rohini,delhi,28.732753,77.122822
Paschim Vihar,delhi,28.6695782,77.095956
Pitampura,delhi,28.6995123,77.1301047
Sector 18B Dwarka,delhi,28.586738,77.035307
Sector 2 Dwarka,delhi,28.5986338,77.0686619
Jasola,delhi,28.5427353,77.2913342
Pochanpur Colony,delhi,28.648544,77.203044
Palam,delhi,28.5918933,77.0828242
Saidabad,delhi,18.3242258,79.4783324
Budh Vihar,delhi,28.557163,77.163665
Sector 25 Rohini,delhi,28.732753,77.122822
Sector 18A Dwarka,delhi,28.5711087,77.0730945
Sewak Park,delhi,28.6166042,77.0353853
Sector 23B Dwarka,delhi,28.5712425,77.0582575
Rohini sector 24,delhi,28.7356432,77.1088342
Sector 28 Rohini,delhi,28.732753,77.122822
Rohini Sector 9,delhi,28.5790689,77.0654186
Rohini Extension,delhi,28.557163,77.163665
nawada,delhi,28.6243467,77.0411968
Alaknanda,delhi,28.608048,77.039669
Sector 22 Rohini,delhi,28.7188422,77.0608429
Lajpat Nagar,delhi,28.5660924,77.2432851
South Extension 2,delhi,28.5681089,77.2221923
Sector 16B Dwarka,delhi,28.5921458,77.0207548
Sheikh Sarai,delhi,28.5337958,77.2317736
Sidhartha Nagar,delhi,28.557163,77.163665
Sector-D Vasant Kunj,delhi,28.5176406,77.1631802
Hauz Khas,delhi,28.5498087,77.2077638
Kalkaji Extension,delhi,28.5295646,77.2634622
Greater kailash 1,delhi,28.5534151,77.2381363
Lajpat Nagar III,delhi,28.5678755,77.2404914
Safdarjung Enclave,delhi,28.56502,77.1925584
Greater Kailash II,delhi,28.5338204,77.242467
Sainik Farms,delhi,28.5067758,77.21857
Sector 20 Rohini,delhi,28.732753,77.122822
greater kailash Enclave 1,delhi,28.5464554,77.2435049
DLF Farms,delhi,28.4823661,77.1724534
Mehrauli,delhi,28.5218262,77.1783232
Mahipalpur,delhi,28.544537,77.1279229
mayur vihar phase 1,delhi,28.6101973,77.3006953
Sarvodaya Enclave,delhi,28.5374084,77.2018601
Karol Bagh,delhi,28.6529982,77.1890227
West Sagarpur,delhi,28.59213,77.10558
Ashok Vihar,delhi,28.6909399,77.1776197
Sector 21 Dwarka,delhi,28.5591911,77.0659671
East of Kailash,delhi,28.5571682,77.2426127
Khirki Extension,delhi,28.557163,77.163665
Dashrath Puri,delhi,28.60376,77.0878
SULTANPUR,delhi,28.4958744,77.1606444
Patparganj,delhi,28.616733,77.287935
Kaushambi,delhi,28.557163,77.163665
Shakurbasti,delhi,28.6814073,77.1275679
Hari Nagar,delhi,28.6296489,77.1119344
Siri Fort,delhi,28.5521464,77.2246983
Katwaria Sarai,delhi,28.5404136,77.1851702
Mayur Vihar,delhi,28.590981,77.295608
Nasirpur,delhi,30.3552637,76.7592649
Bharat Vihar,delhi,28.6085248,77.0286097
Vikas Puri,delhi,28.6301441,77.0682683
Madhu Vihar,delhi,28.599782,77.0611733
New Ashok Nagar,delhi,28.589749,77.300085
Naraina,delhi,28.619661,77.137357
Tagore Garden Extension,delhi,28.6518058,77.1150797
New Friends Colony,delhi,28.5671008,77.2697643
Sector 14 Rohini,delhi,28.732753,77.122822
Dabri,delhi,28.6100971,77.0888864
R.K. Puram,delhi,28.0307453,73.3900447
Vijay Mandal Enclave,delhi,28.655103,77.247471
Sector 8 Dwarka,delhi,28.567552,77.077578
Badarpur,delhi,28.4942102,77.3068634
Masjid moth,delhi,28.5408689,77.236039
Punjabi Bagh,delhi,28.6713863,77.1407175
Gulmohar Enclave,delhi,28.5583071,77.2104353
Jasola Vihar Sector 8 Road,delhi,28.5427353,77.2913342
Bharthal,delhi,28.546881,77.047326
Sheikh Sarai Phase2 New Delhi,delhi,28.5377124,77.2203416
Abul Fazal Enclave Jamia Nagar,delhi,28.6019678,77.3213455
Ramesh Nagar,delhi,28.6501773,77.134332
Shaheen Bagh Jamia Nagar,delhi,13.079795,77.554398
Batla House Jamia Nagar,delhi,28.5654288,77.2870651
Sector 1A Dwarka,delhi,22.2424747,68.9671448
Zakir Nagar,delhi,28.557163,77.163665
i p extension patparganj,delhi,28.557163,77.163665
Neb Sarai,delhi,28.5055007,77.2014964
Jogabai Extension New Delhi,delhi,28.6138954,77.2090057
Jor bagh,delhi,28.5865094,77.2125273
Delhi,delhi,28.6138954,77.2090057
dwarka sector 12,delhi,28.5922362,77.0407315
Moti Nagar,delhi,28.6617255,77.1396062
Press Enclave,delhi,28.5267775,77.2082178
Kailash Colony,delhi,28.5530522,77.2429694
Karampura,delhi,28.659245,77.145487
Civil Lines,delhi,28.6806862,77.2225999
Naraina Vihar,delhi,28.6378263,77.141241
Block GH5,delhi,28.6887498,77.2145249
West Punjabi Bagh,delhi,28.6910723,77.0180122
3 Dwarka Sector 9 Road,delhi,28.6075594,77.0437918
Dwarka 11 Sector,delhi,28.5895466,77.0503536
Block UU Uttari Pitampura,delhi,28.701023,77.133812
Siddharth Enclave,delhi,28.5741176,77.2598593
Lalita Park,delhi,28.6321536,77.2716477
Mathura Road Sarita Vihar,delhi,28.5494146,77.2753316
Azad Apartments,delhi,28.6334829,77.3114935
Rajouri Garden,delhi,28.6451121,77.1239332
Sector 1 Dwarka,delhi,28.5968507,77.0735024
Vasant Kunj Marg,delhi,28.557163,77.163665
Munirka,delhi,28.554886,77.1710841
Paryavaran Complex,delhi,28.5152395,77.1980041
Meera Bagh,delhi,28.658844,77.0908475
Kundli,delhi,28.8696747,77.1198167
Hauz Khas Enclave,delhi,28.548804,77.2012358
dwarka sector 13,delhi,28.5887769,77.0562888
Rohini sector 16,delhi,28.737976,77.1235356
Som Vihar,delhi,28.5710412,77.174149
Mayur Vihar Phase 2,delhi,28.6185752,77.3013137
Block SD Delhi,delhi,28.6887498,77.2145249
Model Town,delhi,28.707334,77.1885231
Duggal Colony,delhi,28.648544,77.203044
Shivalik,delhi,28.5353753,77.2081104
Faridabad Gurgaon Road,delhi,28.557163,77.163665
86 Sector 21 Road,delhi,28.5591911,77.0659671
1 Lane Johri Farm,delhi,28.557163,77.163665
Bamnoli Sector 28 Dwarka,delhi,28.587521,77.046547
Sector24,delhi,28.5656922,77.0341492
IP Extension,delhi,28.6288991,77.3101979
Anand Lok,delhi,28.5572924,77.2191223
Devli,delhi,21.7397018,75.363551
Inderpuri,delhi,28.6286841,77.1470979
Block A,delhi,28.6795172,77.3132068
New Ashok Nagar Block E,delhi,28.589749,77.300085
Pocket 12,delhi,28.526557,77.2641691
Alaknanda Gangotri Enclave,delhi,28.608048,77.039669
Sector 19B,delhi,28.5718702,77.0498634
Roop Nagar,delhi,28.6837264,77.1988892
Kamla Nagar,delhi,28.6806752,77.2039504
param puri,delhi,28.6150158,77.2312216
Om Nagar,delhi,28.557163,77.163665
Delhi Meerut Expressway,delhi,28.6288329,77.322185
Road Number 1,delhi,28.6627442,77.1979077
Pitampura Vaishali,delhi,28.557163,77.163665
KMP Expressway,delhi,28.5383852,77.302512
Pratap Nagar,delhi,28.6059159,77.2939722
Pratap Vihar,delhi,28.6226815,77.2905549
Chhatarpur Extension,delhi,28.4950324,77.1853332
Block H,delhi,28.6454171,77.0759673
Block C,delhi,28.6872104,77.2131913
vikaspuri,delhi,28.638643,77.0731382
Block C4H,delhi,28.609747,77.038069
Block D,delhi,28.6211901,77.2434602
Rana Pratap Bagh,delhi,28.68864,77.189341
Malka Ganj,delhi,28.6775155,77.2077605
Shakti Nagar,delhi,28.6793047,77.19448
Azadpur,delhi,28.7076568,77.1755473
Panchsheel Enclave,delhi,28.5440522,77.2291407
Janakpuri,delhi,28.6219272,77.0874757
Geetanjali Enclave,delhi,28.6531536,77.297803
Kalkaji Govindpuri,delhi,28.5413727,77.271623
Ali Gaon,delhi,28.557163,77.163665
Noida,delhi,28.534601,77.381182
Mall Road,delhi,28.6033598,77.0399727
North Campus,delhi,28.689099,77.2134707
Block F,delhi,28.6887498,77.2145249
Shalimar Bagh,delhi,28.7019574,77.1654317
DLF Golf Course,delhi,28.460907,77.09568
Park End,delhi,28.648544,77.203044
South Delhi,delhi,28.546326,77.2732571
Sahibabad,delhi,27.2556597,76.7285371
F Block,delhi,28.7458682,77.1617121
Block 18,delhi,28.586584,77.2243832
Sector-7 Rohini,delhi,28.586443,77.0494433
10 Sector Dwarka,delhi,28.549942,77.054035
Sector 6 Rohini,delhi,28.732753,77.122822
Dwarka More,delhi,28.60217,77.02081
Dwarka Sector3,delhi,28.6075594,77.0437918
Prithviraj Road,delhi,28.7215476,77.1734478
Sector 23,delhi,28.5619923,77.0491008
Vasundhara Enclave,delhi,28.6017308,77.3211059
Om Enclave Mithapur Extension,delhi,28.557163,77.163665
West Enclave,delhi,28.557163,77.163665
Khari Baoli Road,delhi,28.6571368,77.2209876
Chhattarpur Enclave Phase1,delhi,28.557163,77.163665
Rama Park,delhi,28.664739,77.1959169
Mayur Vihar 2 Phase,delhi,28.61785,77.293413
Sector 15 Rohini,delhi,28.586443,77.0494433
92 Sector 22 Road,delhi,28.7188422,77.0608429
Sector 10,delhi,28.5843113,77.0576933
Sector 4 Rohini,delhi,28.7037242,77.1025419
Dwarka New Delhi 110075,delhi,28.592108481,77.057877655
Sunder Nagar,delhi,28.6016454,77.2421181
CVD Line,delhi,28.557163,77.163665
Vijay Nagar,delhi,28.6915564,77.2016914
Malviya Nagar,delhi,28.533611,77.220662
Molar band Extension,delhi,28.557163,77.163665
Gurgaon Delhi Expressway,delhi,28.557163,77.163665
Okhla Village,delhi,28.5636616,77.2890546
Mayur Vihar III,delhi,28.6095227,77.338258
Vasant Vihar,delhi,28.5606906,77.1607907
joshi road,delhi,28.6520008,77.199517
Krishna Nagar,delhi,28.5637017,77.1934098
Sector 62,delhi,28.557163,77.163665
Faridabad Road,delhi,28.500323,77.315564
Aurungzeb Road,delhi,28.557163,77.163665
Okhla,delhi,28.5636616,77.2890546
Mandi House,delhi,28.6256122,77.2341966
Sector 37 Rohini,delhi,28.732753,77.122822
Vishal Enclave,delhi,28.650621,77.117986
Sector 112,delhi,28.5708,77.3261
85 Sector 22 Road,delhi,28.7188422,77.0608429
Sushant Lok Phase 1 Barakhamba,delhi,28.7107021,77.0687386
Sector 21 Dwarka New Delhi,delhi,28.6007245,77.0429417
Chanakya Puri,delhi,28.6138957,77.2075923
Mathura Road,delhi,28.5494146,77.2753316
Sector 108,delhi,28.736094,77.1105858
75 Sector 22 Road,delhi,28.7188422,77.0608429
75 Noida Road,delhi,28.6110946,77.321686
Vaishali,delhi,28.6407652,77.0676646
Pratap Khand,delhi,28.666577,77.199068
Sangam Vihar,delhi,28.5118635,77.249681
47 Sector 22 Road,delhi,28.7188422,77.0608429
Munirka Vihar,delhi,28.557163,77.163665
Ghitorni,delhi,28.493751,77.1491866
Sector 4,delhi,28.601669,77.0489574
Sector 53,delhi,28.6328027,77.2197713
Shankar Vihar,delhi,28.5574387,77.1396655
Krishna Park Jawahar Park,delhi,28.6477823,77.0844169
Nanak Pura,delhi,28.692814,77.192052
Green Park Extension,delhi,28.5607037,77.2036565
Noida Road,delhi,28.6110946,77.321686
48 Sector 22 Road,delhi,28.7188422,77.0608429
Sector 33 Rohini,delhi,28.732753,77.122822
Munirka Marg,delhi,28.5583013,77.1590974
Pocket3 Sector24,delhi,28.5629589,77.0328869
Panchsheel Park,delhi,28.5423747,77.2210916
Shakti Vihar School Road,delhi,28.648544,77.203044
Residential FlatVasant Vihar,delhi,28.666915,77.307688
79 Sector 23 Road,delhi,28.721267,77.0787078
Kundli Manesar Palwal Expressway,delhi,28.557163,77.163665
Phase 2 Chattarpur Enclave,delhi,28.5006921,77.192383
Om Vihar,delhi,28.6194334,77.0515098
Anarkali Colony,delhi,28.648544,77.203044
Nawada Extension,delhi,28.557163,77.163665
Lajpat Nagar IV,delhi,28.561184,77.2398036
New Manglapuri,delhi,28.5013616,77.1665008
MG Road Ghitorni,delhi,28.493751,77.1491866
Tigri,delhi,28.5117193,77.240937
Dharampura,delhi,24.5360144,79.2161278
Ansal Satbari,delhi,28.562623,77.22455
78 Sector 6 Road,delhi,28.5935305,77.0652385
Sector C Vasant Kunj,delhi,28.557163,77.163665
CD Block Dakshini Pitampura,delhi,28.625105,77.105362
59 Sector 22 Road,delhi,28.7188422,77.0608429
KarKardooma,delhi,28.6552718,77.2962541
Nirman Vihar,delhi,28.6364592,77.2868145
Preet Vihar,delhi,28.6353835,77.2899341
Gagan Vihar,delhi,28.6454552,77.2939962
Anand Niketan,delhi,28.5785457,77.1638649
Pushpanjali Enclave,delhi,28.6541826,77.3079346
Sector 14 Dwarka,delhi,28.6041966,77.029238
Block Wb Ganesh Nagar II,delhi,28.638973,77.086648
Block E,delhi,28.6887498,77.2145249
72 Sector 23 Road,delhi,28.721267,77.0787078
Aurobindo Marg,delhi,28.5864771,77.2125078
Kirti Nagar,delhi,28.6532807,77.1417729
Rajpur Road,delhi,28.6818027,77.2188175
Residential FlatShakurbasti,delhi,28.617507,77.094192
77 Sector 6 Road,delhi,28.5935305,77.0652385
82 Sector 22 Road,delhi,28.7188422,77.0608429
Dwarka Road,delhi,28.5954011,77.0738061
South Anarkali Delhi,delhi,28.557163,77.163665
South Extension Part 1,delhi,28.648544,77.203044
Defence Colony,delhi,28.5713575,77.2330402
Ashram New,delhi,28.6392436,77.2085787
Mansarovar garden,delhi,28.639066,77.133154
Golf Links,delhi,28.5959698,77.2311628
Connaught Place,delhi,28.6314022,77.2193791
Westend,delhi,28.5182951,77.198904
Raju Parak Extension,delhi,28.557163,77.163665
Sector 26 Dwarka,delhi,28.5447896,77.051083
Swasthya Vihar,delhi,28.6403307,77.288905
Anand Vihar,delhi,28.641115,77.3125024
Pontoon Bridge,delhi,28.557163,77.163665
Hastsal,delhi,28.634787,77.0611255
Sector 8 Dwarka Block B,delhi,28.5817959,77.0684869
Transit Camp,delhi,28.6409154,77.2243491
Residential FlatSeelamPur,delhi,28.617507,77.094192
Rajpur,delhi,21.2380912,81.6336993
Meenakshi Garden,delhi,28.6392363,77.1048444
Dwarka sec 6,delhi,28.5887769,77.0562888
Nizampet,hyderabad,17.2468455,80.1487169
Hitech City,hyderabad,17.4696885,78.3851526
Manikonda,hyderabad,17.3999951,78.3861689
Alwal,hyderabad,17.5022292,78.5088584
Kukatpally,hyderabad,17.476802,78.439856
Gachibowli,hyderabad,17.4436222,78.3519638
Tellapur,hyderabad,17.4632774,78.2868099
Kokapet,hyderabad,17.401888,78.327193
Hyder Nagar,hyderabad,17.442274,78.460469
Mehdipatnam,hyderabad,17.3942627,78.4342514
Narsingi,hyderabad,17.3996472,78.351242
Khajaguda Nanakramguda Road,hyderabad,17.4189307,78.3770311
Madhapur,hyderabad,17.454487,78.386475
Puppalaguda,hyderabad,17.3999951,78.3861689
Begumpet,hyderabad,17.435471,78.455605
Banjara Hills,hyderabad,17.4177464,78.4399014
AS Rao Nagar,hyderabad,17.4798689,78.5509653
Pragathi Nagar Kukatpally,hyderabad,17.476802,78.439856
Miyapur,hyderabad,17.4965392,78.3730252
Mallampet,hyderabad,17.557054,78.362342
Nanakramguda,hyderabad,17.4495261,78.3701952
Attapur,hyderabad,17.3672244,78.4307278
West Marredpally,hyderabad,17.45121,78.5020964
Kompally,hyderabad,17.5282237,78.4762932
Sri Nagar Colony,hyderabad,17.3768805,78.5117854
Hakimpet,hyderabad,17.4098051,78.4050926
Pocharam,hyderabad,17.545107,78.242623
Nagole,hyderabad,17.3775306,78.5601231
LB Nagar,hyderabad,17.3501617,78.5510938
Meerpet,hyderabad,17.4580965,78.5646487
Kachiguda,hyderabad,17.3904534,78.4912234
Masab Tank,hyderabad,17.4029622,78.450754
Kondapur,hyderabad,17.4587912,78.3730556
Saroornagar,hyderabad,17.354892,78.532407
Uppal Kalan,hyderabad,17.410307,78.561306
Mallapur,hyderabad,17.4405369,78.5788551
Rajendra Nagar,hyderabad,17.3200305,78.4020096
Beeramguda,hyderabad,17.510593,78.301061
Moosapet,hyderabad,17.4685307,78.4206695
Bachupally,hyderabad,17.529377,78.35545
Toli Chowki,hyderabad,17.442274,78.460469
Lakdikapul,hyderabad,17.4041136,78.4611649
Tarnaka,hyderabad,17.426161,78.531784
Kistareddypet,hyderabad,17.5126101,78.3020503
Hafeezpet,hyderabad,17.4834409,78.3611316
Shaikpet,hyderabad,17.4057955,78.4006536
Amberpet,hyderabad,17.39128,78.518654
Kapra,hyderabad,17.4846356,78.5610095
Habsiguda,hyderabad,17.4154761,78.5426918
Sanath Nagar,hyderabad,17.4522594,78.4446705
Kothaguda,hyderabad,17.458705,78.3638803
Balanagar,hyderabad,18.0018724,78.2873322
Jubilee Hills,hyderabad,17.4308362,78.4102882
raidurgam,hyderabad,17.4233422,78.380577
Murad Nagar,hyderabad,17.3881185,78.4436716
Chandanagar,hyderabad,17.4936092,78.3246428
East Marredpally,hyderabad,17.4469418,78.5107535
Aminpur,hyderabad,17.5242,78.32273
Gajularamaram,hyderabad,17.5271759,78.4200077
Serilingampally,hyderabad,17.4667166,78.340421
Malkajgiri,hyderabad,17.4483438,78.5289727
Mettuguda,hyderabad,17.4290496,78.5252424
Venkat Nagar Colony,hyderabad,17.438817,78.4832977
Kondakal,hyderabad,17.442274,78.460469
Gopanpally,hyderabad,17.437293,78.3173755
Somajiguda,hyderabad,17.4255053,78.4585197
Nallagandla Gachibowli,hyderabad,17.469582,78.3095514
Krishna Reddy Pet,hyderabad,17.52204,78.299228
Bolarum,hyderabad,17.529823,78.5155062
Zamistanpur,hyderabad,17.41526,78.5014979
Madhura Nagar,hyderabad,17.3927046,78.531403
Ghansi Bazaar,hyderabad,17.3643309,78.4681202
Chintalakunta,hyderabad,16.136175,77.511339
Chinthal Basthi,hyderabad,17.406907,78.454453
Nallakunta,hyderabad,17.3975005,78.50557
Bowenpally,hyderabad,17.4755371,78.4792282
Bandlaguda Jagir,hyderabad,17.3343045,78.3936455
Boduppal,hyderabad,17.3988408,78.5366218
Neknampur,hyderabad,20.7825874,78.0069546
Appa Junction Peerancheru,hyderabad,13.097141,80.179422
Ambedkar Nagar,hyderabad,28.5192116,77.2362095
Vanasthalipuram,hyderabad,17.3303179,78.568278
Moula Ali,hyderabad,17.46171,78.5571396
Gandipet,hyderabad,17.4071645,78.39189
Nacharam,hyderabad,17.4284936,78.5528098
Appa Junction,hyderabad,17.377707,78.354361
Qutub Shahi Tombs,hyderabad,17.3956054,78.396923
Abids,hyderabad,17.3894783,78.477182
Dilsukh Nagar,hyderabad,17.3688679,78.5256198
Quthbullapur,hyderabad,17.5029283,78.4600049
Sainikpuri,hyderabad,17.4892154,78.5424889
KTR Colony,hyderabad,17.4187817,78.4305909
Bollaram,hyderabad,17.514887,78.506812
Karmanghat,hyderabad,17.3410061,78.5329747
Gajulramaram Kukatpally,hyderabad,17.484034,78.413281
Uppal,hyderabad,17.4025091,78.5612562
Cherlapalli,hyderabad,17.469191,78.590627
Himayat Nagar,hyderabad,17.4039678,78.483456
Rhoda Mistri Nagar,hyderabad,17.442274,78.460469
Chintalmet,hyderabad,17.3498405,78.4218874
Hitex Road,hyderabad,17.460474,78.3767149
ECIL,hyderabad,17.472476,78.570095
Boiguda,hyderabad,17.4286363,78.4969962
ECIL Main Road,hyderabad,17.4699519,78.5729058
ECIL Cross Road,hyderabad,17.503288,78.526467
Rajbhavan Road Somajiguda,hyderabad,17.420047,78.456492
Ramachandra Puram,hyderabad,17.442274,78.460469
TellapurOsman Nagar Road,hyderabad,17.442274,78.460469
Mansoorabad,hyderabad,17.3541765,78.5652906
KRCR Colony Road,hyderabad,17.38232,78.438251
Pragati Nagar,hyderabad,17.3995282,78.5417093
Padmarao Nagar,hyderabad,17.4261682,78.5076996
Paramount Colony Toli Chowki,hyderabad,17.442274,78.460469
BK Guda Internal Road,hyderabad,17.447354,78.446483
muthangi,hyderabad,17.5408011,78.227485
Pragathi Nagar,hyderabad,17.5200154,78.3968876
Yapral,hyderabad,17.5030543,78.5407976
Narayanguda,hyderabad,17.3981159,78.4885006
Kollur,hyderabad,17.443438,78.25173
Bachupally Road,hyderabad,17.529377,78.35545
Old Bowenpally,hyderabad,17.4772245,78.4849389
Alapathi Nagar,hyderabad,17.3885388,78.442775
Arvind Nagar Colony,hyderabad,17.4018341,78.4037871
Matrusri Nagar,hyderabad,17.442274,78.460469
Pragathi Nagar Road,hyderabad,17.498139,78.394008
Padma Colony,hyderabad,17.4016628,78.5063421
Happy Homes Colony,hyderabad,17.3467372,78.4141612
Old Nallakunta,hyderabad,17.442274,78.460469
Sangeet Nagar,hyderabad,17.4830911,78.4191591
NRSA Colony,hyderabad,17.4938025,78.4017651
Adibatla,hyderabad,17.230899,78.5558997
Methodist Colony,hyderabad,17.4410863,78.5007311
Ameerpet,hyderabad,17.4375012,78.4482505
ALIND Employees Colony,hyderabad,17.538158,78.509773
Khizra Enclave,hyderabad,17.358704,78.563587
Medchal,hyderabad,17.5165945,78.4592808
Dammaiguda,hyderabad,17.4992875,78.5837185
Suchitra,hyderabad,17.5023414,78.4839362
Whitefields,hyderabad,17.4543363,78.36589
Mayuri Nagar,hyderabad,17.5116535,78.3676991
Adda Gutta,hyderabad,17.27346,79.1157
Miyapur HMT Swarnapuri Colony,hyderabad,17.442274,78.460469
Central Excise Colony Hyderabad,hyderabad,17.3983884,78.5143918
Basheer Bagh,hyderabad,17.4053896,78.4776447
Gopal Nagar,hyderabad,23.242916,77.4994722
Bachupaly Road Miyapur,hyderabad,17.466922,78.44562
Kushaiguda,hyderabad,17.4825451,78.5726444
Ashok Nagar,hyderabad,20.8794332,78.1205106
Barkatpura,hyderabad,17.3926121,78.4969683
Madinaguda,hyderabad,17.4917948,78.342306
Bagh Amberpet,hyderabad,17.3968204,78.517887
new nallakunta,hyderabad,17.3959752,78.5092275
BHEL,hyderabad,17.492454,78.309611
Sun City,hyderabad,17.3638597,78.3975233
Hydershakote,hyderabad,17.3658008,78.3950929
BK Guda Road,hyderabad,17.4444013,78.4465133
Nallagandla Road,hyderabad,17.462035,78.3082754
IDPL Colony,hyderabad,17.475423,78.434574
Ramnagar Gundu,hyderabad,17.412504,78.506458
Alkapur township,hyderabad,17.3940158,78.3717906
Banjara Hills Road Number 12,hyderabad,17.4164536,78.4391959
Panchavati Colony Manikonda,hyderabad,17.4120783,78.3832774
New Maruthi Nagar,hyderabad,17.3771093,78.5411342
Madhavaram Nagar Colony,hyderabad,17.442274,78.460469
Miyapur Bachupally Road,hyderabad,17.529377,78.35545
nizampet road,hyderabad,17.5044292,78.3874301
Kokapeta Village,hyderabad,17.461295,78.362973
HMT Hills,hyderabad,17.5042727,78.3961341
Tilak Nagar,hyderabad,17.3926401,78.5083876
Chititra Medchal,hyderabad,17.60644,78.54007
Isnapur,hyderabad,17.544849,78.207948
D D Colony,hyderabad,17.5118299,78.2900944
DD Colony,hyderabad,17.4020016,78.5184463
Patancheru Shankarpalli Road,hyderabad,17.530161,78.2541
Patancheru,hyderabad,17.5361342,78.2687903
Jhangir Pet,hyderabad,17.4052067,78.5102132
Almasguda,hyderabad,17.3383467,78.5222127
Allwyn Colony,hyderabad,17.5043618,78.4149849
financial District,hyderabad,17.4199667,78.3286906
Beeramguda Road,hyderabad,17.510593,78.301061
Pati,hyderabad,17.267534,78.697666
Karimnagar,hyderabad,17.9767807,78.5038724
Kollur Road,hyderabad,17.4430963,78.2513446
Chaitanyapuri,hyderabad,17.373017,78.5362644
Nandagiri Hills,hyderabad,17.4236318,78.406941
Whitefield,hyderabad,17.442274,78.460469
Film Nagar,hyderabad,17.414781,78.408939
Kismatpur,hyderabad,17.3351206,78.3926988
Dr A S Rao Nagar Rd,hyderabad,17.4798913,78.5571375
Dullapally,hyderabad,17.442274,78.460469
KPHB,hyderabad,17.4922068,78.3973638
Vivekananda Nagar Colony,hyderabad,17.4061213,78.6008533
Ameenpur,hyderabad,17.5236905,78.3317297
Chintradripet,hyderabad,17.442274,78.460469
Ring Road,hyderabad,17.3154459,78.4567101
Saket,hyderabad,17.4956748,78.575906
Kavuri Hills,hyderabad,17.4385198,78.3944107
manneguda,hyderabad,17.442274,78.460469
Moti Nagar,hyderabad,17.4508069,78.422242
Usman Nagar,hyderabad,17.369505,78.503319
Shadnagar,hyderabad,17.0859051,78.2142505
Mailardevpally,hyderabad,17.3200218,78.4460585
Uppalguda,hyderabad,17.442274,78.460469
Tirumalgiri,hyderabad,17.47303,78.49059
Chikkadapally,hyderabad,17.403186,78.4953578
JNTU,hyderabad,17.4902323,78.392633
hyderabad,hyderabad,17.4265137,78.4531148
Shamshabad,hyderabad,17.442274,78.460469
Srisailam Highway,hyderabad,17.3232946,78.480139
Domalguda,hyderabad,17.4078455,78.4850003
Lingampalli,hyderabad,17.4831225,78.3177732
Residential Flat Machavaram,hyderabad,17.388514,78.512346
Whisper Valley,hyderabad,17.4138031,78.3972025
Tukkuguda Airport View Point Road,hyderabad,17.442274,78.460469
Santoshnagar,hyderabad,17.3467185,78.5081947
Tolichowki,hyderabad,17.4002904,78.4118051
Domalguda Road,hyderabad,17.4083603,78.4852335
Shankarpalli,hyderabad,17.418594,78.220158
Kothapet,hyderabad,19.0552645,78.6913193
Baghlingampally,hyderabad,17.39949,78.5005143
Picket,hyderabad,17.4510018,78.4988955
Safilguda,hyderabad,17.4665153,78.5398739
Sikh Village,hyderabad,17.442274,78.460469
Neredmet,hyderabad,17.470446,78.5360054
Macha Bolarum,hyderabad,17.5151548,78.5125546
Kowkur,hyderabad,17.5248934,78.5355319
Rakshapuram,hyderabad,17.3398864,78.4944313
west venkatapuram,hyderabad,17.4935145,78.5061071
Vidyanagar Adikmet,hyderabad,17.4030446,78.5096907
Aushapur,hyderabad,17.461797,78.434577
Old Alwal,hyderabad,17.5060381,78.5007272
Secunderabad Railway Station Road,hyderabad,17.4339579,78.5018052
Balapur,hyderabad,17.3096061,78.4999427
Hastinapur,hyderabad,26.167191,78.453645
chandrayangutta,hyderabad,17.327696,78.479222
Balaji Hills Colony Venkatraya Nagar,hyderabad,17.442274,78.460469
Janachaitanya Colony,hyderabad,17.4938025,78.4017651
Gurramguda,hyderabad,17.3117424,78.5640695
Paradise Circle,hyderabad,17.396738,78.439092
Barasat,kolkata,22.7191072,88.4826229
Keshtopur,kolkata,22.572115,88.421783
Rajarhat,kolkata,22.613573,88.430244
Narendrapur,kolkata,22.4539009,88.4184898
New Town,kolkata,22.5882834,88.4734476
Joka,kolkata,22.452347,88.3018236
Tangra,kolkata,22.5565107,88.3795946
Sonarpur,kolkata,22.441061,88.432262
Madhyamgram,kolkata,22.6988821,88.4676873
Dum Dum,kolkata,22.6211141,88.3928973
Chkravarti Para,kolkata,22.58496,88.356695
Tollygunge,kolkata,22.498636,88.3453908
Sarsuna,kolkata,22.4809986,88.284838
Ultadanga,kolkata,22.5961275,88.3852833
Madurdaha Hussainpur,kolkata,25.255653,85.615298
New Alipore,kolkata,22.510533,88.335426
Mukundapur,kolkata,22.492061,88.39677
Behala,kolkata,22.501572,88.3209435
Sodepur,kolkata,22.6971753,88.3805627
Konnagar,kolkata,22.70126,88.342511
Uttarpara Kotrung,kolkata,22.66076,88.34711
Baguiati,kolkata,22.609668,88.4276832
Hooghly Chinsurah,kolkata,22.9052114,88.3760639
Hussainpur,kolkata,25.255653,85.615298
Dum Dum Park,kolkata,22.6210988,88.3978255
Bhadreswar,kolkata,22.8310988,88.3570138
Garia,kolkata,22.4650146,88.3790202
south dum dum,kolkata,22.6204985,88.3929036
Santoshpur,kolkata,22.5269342,88.2551534
Gariahat,kolkata,22.5300071,88.3654319
Lake Gardens,kolkata,22.5057435,88.3567177
Kalighat,kolkata,22.5153313,88.3477052
Belghoria,kolkata,22.6532616,88.3296743
Tagore Park,kolkata,22.5215953,88.39564
Kamardanga,kolkata,22.661829,88.415518
Ballygunge,kolkata,22.5280337,88.3659084
Purba Putiary,kolkata,22.4768118,88.3485022
Ariadaha,kolkata,22.667441,88.367211
Rahara,kolkata,22.7240621,88.3867065
Kasba,kolkata,22.5195507,88.3921773
Paschim Putiary,kolkata,22.4803617,88.3377899
Howrah,kolkata,22.5679041,88.3412882
Barisha Purba Para Road,kolkata,22.565275,88.375123
Tiljala,kolkata,22.534493,88.3705037
Airport,kolkata,22.4908597,88.3958557
East Kolkata Township,kolkata,22.5410414,88.3618113
raghunathpur,kolkata,22.672238,88.314464
Barrackpore,kolkata,22.6867642,88.444617
Lake Town,kolkata,22.6057276,88.4029611
Bhawanipur,kolkata,25.6863451,78.5125115
Alipore,kolkata,22.5264928,88.3323692
Park Street Area,kolkata,22.5487088,88.3583769
Elgin,kolkata,22.5378934,88.3504887
Thakurpukur,kolkata,22.4643677,88.3075322
Ashok Nagar,kolkata,22.4845459,88.3469837
Haltu,kolkata,22.506758,88.3817559
Salt Lake City,kolkata,22.51829,88.362951
Kaikhali,kolkata,22.6344209,88.4346171
Chinar Park,kolkata,22.62362,88.441016
Baranagar,kolkata,22.6341693,88.3710911
Chandannagar,kolkata,22.8639237,88.3703496
Garfa,kolkata,22.4977673,88.3795154
Jorabagan,kolkata,22.5903989,88.3571238
Baidyabati,kolkata,22.7949104,88.3317725
Topsia,kolkata,22.5418017,88.3869552
Dhapa,kolkata,22.5370262,88.4243654
Netaji Nagar,kolkata,22.70641,88.448986
Maniktala,kolkata,22.5880896,88.3852834
Cossipore,kolkata,22.6191052,88.3858618
Nayabad,kolkata,22.48549,88.41736
Baghajatin,kolkata,22.4827391,88.3866708
Jadavpur,kolkata,22.4950517,88.374971
Kankurgachi,kolkata,22.5789725,88.3915174
Pancha Sayar,kolkata,22.6968847,88.4513198
Phool Bagan,kolkata,22.6796053,88.3710907
Bansdroni,kolkata,22.4708431,88.3503816
Kustia,kolkata,22.534562,88.379829
Ganguly Bagan,kolkata,22.4776682,88.3761913
Jodhpur Park,kolkata,22.5056055,88.363674
Dakshineswar,kolkata,22.653911,88.36227
Bhatenda,kolkata,22.628364,88.489196
Khardah,kolkata,22.7206162,88.373306
Kamarhati on BT Road,kolkata,22.661829,88.415518
Paschim Barisha,kolkata,22.4696994,88.3088144
Nabapally,kolkata,22.5164995,88.3912388
Dhakuria,kolkata,22.507255,88.3673305
Regent Park,kolkata,22.4884467,88.3560125
Patuli,kolkata,22.471928,88.389746
kalikapur,kolkata,22.4251574,88.4960813
Budge Budge,kolkata,22.661829,88.415518
Beliaghata,kolkata,22.3354867,88.452146
Baguihati,kolkata,22.6120368,88.4400247
Shyamnagar,kolkata,22.830067,88.3820379
Uttar Panchanna Gram,kolkata,22.5310204,88.3958619
birati,kolkata,22.6643198,88.4274959
Maheshtala,kolkata,22.523817,88.262339
North Dumdum,kolkata,22.6660837,88.4211986
Bramhapur,kolkata,22.661829,88.415518
deshbandhu nagar,kolkata,22.646573,88.368913
Ward No 113,kolkata,22.9428583,88.6404803
Kamalgazi,kolkata,22.4467803,88.3902624
VIP Nagar,kolkata,22.661829,88.415518
Barisha,kolkata,22.4562288,88.3071623
Ichapur,kolkata,22.5927863,88.3058918
Salkia,kolkata,22.598945,88.347596
Bally,kolkata,22.6469581,88.343612
Sealdah,kolkata,22.5673793,88.3710192
Keyatala,kolkata,22.5154278,88.3624476
Boral,kolkata,22.44767,88.377709
Liluah,kolkata,22.6209027,88.3394035
Dum Dum Cantonment,kolkata,22.6211141,88.3928973
Mali Panchghara,kolkata,22.600249,88.358982
Akra,kolkata,22.5253363,88.2462598
Sarada Pally,kolkata,22.696169,88.279802
Rajpur,kolkata,22.4896149,88.3915957
Panihati,kolkata,22.708831,88.3741094
Baruipur,kolkata,22.3607154,88.4325575
Golf Green,kolkata,22.4913328,88.3618382
Howrah Railway Station,kolkata,22.58163,88.34169
Shibpur,kolkata,22.5685792,88.2942109
Bankra,kolkata,22.5981589,88.2740081
College Square,kolkata,22.4819819,88.3581756
Beniapukur,kolkata,22.5490749,88.3683399
Bow Bazaar,kolkata,22.661829,88.415518
Mominpore,kolkata,22.5270528,88.3260988
Harinavi,kolkata,22.41704,88.416069
Dunlop,kolkata,22.6524964,88.3773002
Chotto Chandpur,kolkata,22.327058,88.952325
Jagadishpur,kolkata,22.6242358,88.487807
Sant Nagar,kolkata,19.0786563,76.2596118
Noapara,kolkata,22.4497439,88.4313885
Banamalipur,kolkata,22.661829,88.415518
Bonhooghly on BT Road,kolkata,22.661829,88.415518
Botanical Garden Area,kolkata,22.552914,88.300682
Royde Park,kolkata,22.5532416,88.3526617
Panchpota,kolkata,22.4681162,88.4196482
Taltala,kolkata,22.47421,88.3551263
Bally Khal,kolkata,22.650469,88.338298
Ghosh Para,kolkata,22.5946867,88.433481
Murali,kolkata,22.744046,88.507104
Rishra,kolkata,22.724706,88.343435
N S C Bose Road,kolkata,22.5135302,88.3364118
purbalok,kolkata,22.4960295,88.401984
Bijoygarh,kolkata,22.4872704,88.3685589
New Barrackpur,kolkata,22.6796881,88.4498321
Rajbari,kolkata,22.5968262,88.3671932
New Barrackpore,kolkata,22.6867642,88.444617
Parui Mauza,kolkata,22.361579,88.263923
Parnashree,kolkata,22.5090184,88.2991427
Prince Anwar Shah Connector,kolkata,22.5030867,88.3793426
Kamalgazi Flyover,kolkata,22.64035,88.432542
Sahid Khudiram Metro Station Road,kolkata,22.508811,88.3371097
Behala Chowrasta,kolkata,22.487355,88.313379
Beckbagan,kolkata,22.538077,88.365955
Garia Place,kolkata,22.46376,88.386479
Sarat Bose Road,kolkata,22.5152239,88.3528061
E M Bypass,kolkata,22.466139,88.392678
Action Area III,kolkata,22.5655274,88.4909785
Prince Anwar Shah Rd,kolkata,22.5021718,88.362442
Hazra,kolkata,22.5227232,88.3499241
Southern Avenue,kolkata,22.661829,88.415518
Action Area I,kolkata,22.565629,88.48839
Swiss Park,kolkata,22.5043139,88.3486225
Rabindra Sarovar,kolkata,22.5419073,88.3447245
Nager Bazar,kolkata,25.585925,85.092773
Sector II Salt Lake,kolkata,22.5922799,88.4246179
Kamalgachhi More,kolkata,22.5504711,88.3618799
Khasmallik,kolkata,22.384326,88.4197038
Pratapaditya Road,kolkata,22.5123783,88.3425523
Behala Thana,kolkata,22.5035284,88.3190032
Roy Bahadur Road,kolkata,22.661829,88.415518
Kalitala Road,kolkata,22.50634,88.398541
Naktala,kolkata,22.4738701,88.3619683
New Town Action Area I,kolkata,22.5807042,88.4623797
Rajarhat Chowmatha,kolkata,22.6266867,88.4889817
Selimpur Road,kolkata,22.5049331,88.3744646
Rash Behari Avenue,kolkata,22.5187745,88.3599298
Brahmapur Road,kolkata,22.4638987,88.3629555
Ramlal Bazar,kolkata,22.5075346,88.3851511
Topsia Road,kolkata,22.5333241,88.3857621
Dhakuria Station Road,kolkata,22.5095876,88.3697226
Babu Bagan,kolkata,22.538176,88.319282
Dum Dum Cantonment Kolkata,kolkata,22.6211141,88.3928973
New Ballygunge,kolkata,22.5238373,88.3782044
C R Avenue,kolkata,22.5778367,88.3606283
Karunamoyee,kolkata,22.58638,88.4215312
Dum Dum Metro,kolkata,22.6211141,88.3928973
Fartabad Road,kolkata,22.4696214,88.3683378
Dharmatala Road,kolkata,22.5212326,88.3839518
Lohar Bridge,kolkata,22.661829,88.415518
Nazir Bagan,kolkata,22.562032,88.342129
Bansdroni Metro Station Road,kolkata,22.508811,88.3371097
Kudghat Bridge,kolkata,22.661829,88.415518
Selimpur Lane,kolkata,22.5053514,88.3812082
Bedia Danga Kasba,kolkata,22.5271106,88.3821611
New Ballygung Road,kolkata,22.522417,88.380051
Sulekha,kolkata,22.4913329,88.3726649
Chingrighata,kolkata,22.5580221,88.4113168
Sector IV Salt Lake,kolkata,22.571809,88.412935
Gitanjali Metro Station Road,kolkata,22.508811,88.3371097
Mankundu,kolkata,22.847312,88.3471304
NSC Bose Road Mahamaya Tala Garia,kolkata,22.481916,88.356366
Kayastopara,kolkata,22.661829,88.415518
Dumdum Italgacha,kolkata,22.637471,88.432313
Gitanjali Park,kolkata,22.470687,88.355385
Prafulla Kanan,kolkata,22.602951,88.423987
Ruby Hosp Main Road,kolkata,22.5656805,88.3821551
Naktala Road,kolkata,22.472842,88.3674436
Mahamayatala,kolkata,22.410627,88.095681
Anandapur,kolkata,22.5142557,88.4098863
Jodhpur Gardens,kolkata,22.504926,88.360928
kalikapur gitangali park,kolkata,22.502122,88.396854
Bondal Gate,kolkata,22.661829,88.415518
Nayabad Main Road,kolkata,22.661829,88.415518
Kasba Siemens,kolkata,22.506125,88.367946
New Shakuntala Park,kolkata,22.507169,88.337139
Residential Independent House Jadavpur,kolkata,22.495052,88.374971
Madurdaha Near Ruby Hospital On EM Bypass,kolkata,22.466139,88.392678
Nandi Bagan,kolkata,22.562032,88.342129
Camac Street,kolkata,22.5432828,88.3520869
Ramchandrapur,kolkata,22.4607788,88.3300029
B T Road,kolkata,22.7587061,88.37524
Eastend Park Kalikapur,kolkata,22.5532416,88.3526617
Chatterjee Bagan,kolkata,22.573065,88.363599
EM Bypass South East,kolkata,22.464065,88.393739
Sodepur B T Road,kolkata,22.6958668,88.3958808
Picnic Garden,kolkata,22.5260827,88.3890458
Kavi Nazrul Metro Station Road,kolkata,22.508828,88.33675
Baguiati Hela Battala,kolkata,22.6106982,88.4274099
Selimpur,kolkata,22.5049331,88.3744646
Newtown AA III,kolkata,22.5655274,88.4909785
R B Connector,kolkata,22.5192814,88.3806547
Belghoria Expressway,kolkata,22.6532616,88.3296743
Lake Market,kolkata,22.5163786,88.3487233
Ramlal Bazaar,kolkata,22.633569,88.372419
Garia Rathtala,kolkata,22.661829,88.415518
Bangur,kolkata,22.6074297,88.4103461
N S C Bose Road  Narendrapur,kolkata,22.532119,88.353083
N S C Bose Road Narendrapur,kolkata,22.532119,88.353083
Jessore Road,kolkata,22.6080961,88.3942426
International Airport,kolkata,22.6422872,88.4393705
Park Circus,kolkata,22.5378855,88.368246
Purbalok Main Road,kolkata,22.4960295,88.401984
Durgapur,kolkata,22.6722011,88.3008837
Biren Roy Road,kolkata,22.4864389,88.2816299
Biren Roy Road West,kolkata,22.4864389,88.2816299
Belgachia,kolkata,22.6059241,88.3863913
Adarshapally Surjaysen Nagar,kolkata,22.661829,88.415518
shalimar,kolkata,22.5551538,88.3153898
Airport Area,kolkata,22.4908597,88.3958557
boral main road,kolkata,22.4621818,88.3794582
Jatin Das Road,kolkata,22.516685,88.3531522
Anil Maitra Road,kolkata,22.5258628,88.3698056
Rajpur Sonarpur,kolkata,22.432288,88.420162
Rash Behari Avenue Connector,kolkata,22.5179148,88.3869471
Mission Pally,kolkata,22.439749,88.418033
Tagore Park Road,kolkata,22.5215953,88.39564
Mission Palli Road,kolkata,22.661829,88.415518
New Town Rajarhat Action Area 3,kolkata,22.5816091,88.4527297
New Town Rajarhat,kolkata,22.51829,88.362951
Diamond Park,kolkata,22.4523378,88.3045283
BADU ROAD,kolkata,22.6951367,88.4957613
Jatragachi Flyover,kolkata,22.64035,88.432542
VIP Road,kolkata,22.630979,88.434413
Block O,kolkata,22.5071296,88.3370264
New Town Action Area II,kolkata,22.6129078,88.4665536
Moore Avenue,kolkata,22.481845,88.350132
New Alipore Road,kolkata,22.5092741,88.332688
Nayabad Daspara,kolkata,22.48549,88.41736
Bangur avenue,kolkata,22.6058659,88.411128
Sonali Park,kolkata,22.5532416,88.3526617
Sodepur Road,kolkata,22.696857,88.4217013
Kankurgachi Main Road,kolkata,22.661829,88.415518
Wood Street,kolkata,22.5464819,88.3540016
BT Road Titagarh,kolkata,22.7269294,88.3774809
Joginder Garden Lane,kolkata,22.5145188,88.3892399
Ballygunge Place East,kolkata,22.527651,88.367377
Kestopur,kolkata,22.587177,88.492223
Acharya Jagadish Chandra Bose Road,kolkata,22.5519257,88.3633691
Park Circus Road,kolkata,22.543088,88.36648
Ripon street,kolkata,22.5503588,88.3598938
Raja Ram Mohan Roy Road,kolkata,22.8002657,88.3378766
Kadamtala Dakshinpara Road,kolkata,22.4720547,88.3092713
Paikpara,kolkata,22.6120515,88.3855648
Ganguly Para,kolkata,22.476156,88.302963
Fartabad,kolkata,22.4662345,88.4025921
Jodthbhim Newtown,kolkata,22.608272,88.462148
Durganagar,kolkata,22.650497,88.419215
Kharghar,mumbai,19.025773,73.0591845
Sector-13 Kharghar,mumbai,19.047302,73.070417
Sector 18 Kharghar,mumbai,19.1279776,73.0029259
Sector 20 Kharghar,mumbai,19.131577,72.891418
Sector 15 Kharghar,mumbai,19.1229321,72.9913075
Dombivali,mumbai,19.1930221,73.1043431
Churchgate,mumbai,18.9337168,72.8274613
Prabhadevi,mumbai,19.0148811,72.8279556
Jogeshwari West,mumbai,19.136394,72.8373817
Kalyan East,mumbai,19.029467,72.87041
Malad East,mumbai,19.1860219,72.8563181
Virar East,mumbai,19.451061,72.780424
Virar,mumbai,19.3209993,72.8957701
Malad West,mumbai,19.1840129,72.8412155
Borivali East,mumbai,19.2187187,72.8654856
Goregaon West,mumbai,19.1773168,72.8308911
Kandivali West,mumbai,19.2055321,72.8399273
Borivali West,mumbai,19.228784,72.856303
Kandivali East,mumbai,19.2051958,72.8626165
Andheri East,mumbai,19.1158835,72.854202
Goregaon East,mumbai,19.1524194,72.8565586
Wadala,mumbai,19.0269192,72.8759337
Ulwe,mumbai,18.9907615,72.9456381
Dahisar,mumbai,19.1255404,72.831083
kandivali,mumbai,19.204114,72.851738
Goregaon,mumbai,19.1530287,72.8357355
Bhandup West,mumbai,19.1462636,72.9339461
thakur village kandivali east,mumbai,19.2059514,72.8729038
Santacruz West,mumbai,19.0844004,72.8372899
Kanjurmarg,mumbai,19.124102,72.9385562
I C Colony,mumbai,19.2455646,72.848185
Dahisar W,mumbai,19.248875,72.852959
Marol,mumbai,19.1184748,72.8660142
Parel,mumbai,25.4068672,80.2775036
Lower Parel,mumbai,19.0029881,72.8303219
Worli,mumbai,19.0316246,72.8159714
Jogeshwari East,mumbai,19.1429335,72.8552066
Chembur Shell Colony,mumbai,19.062419,72.892226
Central Avenue,mumbai,19.0228123,72.9253083
Chembur East,mumbai,19.0626319,72.9011399
Diamond Market Road,mumbai,19.068783,72.92055
Mulund,mumbai,19.1721762,72.9562383
Nalasopara West,mumbai,19.229363,72.846767
raheja vihar,mumbai,19.1191663,72.8951234
Powai Lake,mumbai,19.1277203,72.9062142
MHADA Colony 20,mumbai,19.123241,72.895209
Tolaram Colony,mumbai,19.0622367,72.8960929
Taloja,mumbai,19.131577,72.891418
Thane West,mumbai,19.131577,72.891418
Vangani,mumbai,19.131577,72.891418
Sector 5 Ulwe,mumbai,19.042211,72.946585
Sector12 New Panvel,mumbai,19.0594069,72.9602962
Sector 17 Ulwe,mumbai,19.042211,72.946585
Sector9 Kamothe,mumbai,19.042211,72.946585
Sector 19 Kharghar,mumbai,19.131577,72.891418
Navi Basti,mumbai,19.131577,72.891418
Sector12 Kamothe,mumbai,19.042211,72.946585
Sector 21 Kamothe,mumbai,19.131577,72.891418
Rutu Enclave,mumbai,19.131577,72.891418
taloja panchanand,mumbai,19.079148,73.0878581
Virar West,mumbai,19.451061,72.780424
Chembur,mumbai,19.0626319,72.9011399
Sector 20 Kamothe,mumbai,19.042211,72.946585
Sector 22 Kamothe,mumbai,19.042211,72.946585
Sector 18 Kamothe,mumbai,19.042211,72.946585
Sector-5 Kamothe,mumbai,19.131577,72.891418
Sector-6A Kamothe,mumbai,30.738805,76.812262
Sector 11 Kamothe,mumbai,19.131577,72.891418
Sector-18 Ulwe,mumbai,19.042211,72.946585
Sector-12 Kamothe,mumbai,19.042211,72.946585
azad nagar,mumbai,19.130775,72.838352
Sindhi Society Chembur,mumbai,19.051394,72.890788
Kurla,mumbai,19.0628944,72.8825604
Sahkar Nagar,mumbai,19.1293951,72.8396709
Deonar,mumbai,19.0475502,72.9051895
Thane,mumbai,19.120042,73.0062166
Jankalyan Nagar,mumbai,19.09804,72.888616
Badlapur,mumbai,19.1666237,73.2389064
Ambarnath,mumbai,19.136198,72.816869
Ambernath West,mumbai,19.175147,73.282078
Vakola,mumbai,19.077901,72.846932
Kamothe,mumbai,19.0164338,73.0806552
Kamothe Sector 16,mumbai,19.0164338,73.0806552
Almeida Park,mumbai,19.0575631,72.8314731
Khar,mumbai,19.0724575,72.8337068
Bandra West,mumbai,19.0583358,72.8302669
Pali Hill,mumbai,19.06243,72.828245
15th Road,mumbai,19.0788759,72.8320646
Palghar,mumbai,19.3209993,72.8957701
Sector13 Kharghar,mumbai,19.124379,72.9885077
Sector 21 Kharghar,mumbai,19.1295931,72.9968264
Sector 12 Kharghar,mumbai,19.117742,72.9904477
Vivek Vidyalaya Marg,mumbai,19.169997,72.963735
Vasai east,mumbai,19.131577,72.891418
Nahur,mumbai,19.1591292,72.94644
Badlapur West,mumbai,19.229363,72.846767
Panvel,mumbai,18.9925,73.0155
Kalyan,mumbai,19.2396742,73.1366482
Badlapur East,mumbai,19.1666237,73.2389064
Mira Bhayandar,mumbai,19.2813147,72.8747815
Juhu,mumbai,19.1070215,72.8275275
Naigaon East,mumbai,19.0095393,72.8478709
Sector 21 Ulwe,mumbai,19.042211,72.946585
Bandra East,mumbai,19.0616565,72.8498111
Dronagiri,mumbai,18.8732085,72.9611677
Nerul,mumbai,19.0370909,73.0233188
Sanpada,mumbai,19.0607337,73.0116775
Sector-8 Ulwe,mumbai,19.042211,72.946585
Sector-3 Ulwe,mumbai,19.042211,72.946585
Sector 23 Ulwe,mumbai,19.042211,72.946585
ULWE SECTOR 19,mumbai,18.9907615,72.9456381
Ghodbunder Road,mumbai,19.131577,72.891418
Bhiwandi,mumbai,19.2180525,73.0130845
Vasai,mumbai,19.356593,72.802561
Nala Sopara,mumbai,19.082944,72.848459
Dadar East,mumbai,19.016253,72.852227
Ghatkopar,mumbai,19.0842323,72.918635
Breach Candy,mumbai,18.971795,72.803957
Worli South Mumbai,mumbai,19.131577,72.891418
Asangaon,mumbai,19.4399615,73.3081462
Koparkhairane Station Road,mumbai,19.1050005,73.0037689
Kopar Khairane Sector 19A,mumbai,19.1034,73.00836
Koper Khairane,mumbai,19.217564,73.082151
Eastern Express Highway Vikhroli,mumbai,19.0964238,72.9273093
Magathane,mumbai,19.2171256,72.8667972
Rawal Pada,mumbai,19.083919,72.847376
Ambernath East,mumbai,19.175147,73.282078
Dokali Pada,mumbai,19.083919,72.847376
Dattapada,mumbai,19.221207,72.861305
Rajendra Nagar,mumbai,12.3410563,76.6662609
Kulupwadi,mumbai,19.2295735,72.8647835
Samata Nagar Thakur Village,mumbai,19.2072164,72.8705139
Mira Road and Beyond,mumbai,19.131577,72.891418
West Amardeep Colony,mumbai,19.229363,72.846767
Pant Nagar,mumbai,19.0833305,72.9115042
mumbai,mumbai,19.0677245,72.8648464
Four Bungalows,mumbai,19.1287942,72.8255543
no 9,mumbai,19.054999,72.8692035
kolshet,mumbai,19.131577,72.891418
Hiranandani Meadows,mumbai,19.131577,72.891418
Kalpataru,mumbai,19.0968382,72.9172399
Kharghar Sector 34C,mumbai,19.131577,72.891418
Ghatkopar East,mumbai,19.0833438,72.9123246
Mumbai Agra National Highway,mumbai,19.131577,72.891418
vasant vihar thane west,mumbai,19.173526,72.957735
Kalyan West,mumbai,19.071359,72.830391
Shirgaon,mumbai,18.6777518,73.6978227
Pokhran 2,mumbai,19.131577,72.891418
juhu tara,mumbai,19.0902467,72.8276638
Peddar Road,mumbai,19.131577,72.891418
Palm Beach,mumbai,19.0462461,73.0089097
Sector 10,mumbai,19.2757369,72.8613258
Sector 19 Kamothe,mumbai,19.042211,72.946585
Tilak Nagar,mumbai,19.0692377,72.8978464
Ghatkopar West,mumbai,19.0897439,72.9048035
Tardeo,mumbai,18.9749183,72.8134203
Napeansea Road,mumbai,19.131577,72.891418
Mahalaxmi,mumbai,18.9793443,72.8250963
Dahisar West,mumbai,19.248875,72.852959
Mulund West,mumbai,19.1719717,72.9511956
Natakwala Lane,mumbai,19.2227643,72.854679
Link Road,mumbai,19.122645,72.8302014
Devidas Cross Lane,mumbai,19.049224,72.824588
Soniwadi Road,mumbai,19.131577,72.891418
Haridas Nagar,mumbai,19.225795,72.847762
Shimpoli,mumbai,19.2228332,72.8409432
TPS Road,mumbai,19.0893551,72.9093787
Off Shimpoli road,mumbai,19.131577,72.891418
Rustomjee Global City,mumbai,19.4696471,72.8046829
Sunil Nagar,mumbai,19.131577,72.891418
Sector 30 Kharghar,mumbai,19.131577,72.891418
Sector 12 A,mumbai,19.117742,72.9904477
Sector 18,mumbai,19.1279776,73.0029259
Sector13 Khanda Colony,mumbai,19.042211,72.946585
Sector16 Airoli,mumbai,19.042211,72.946585
Ranjanpada,mumbai,18.9092584,73.0158486
Sector 15,mumbai,19.0615026,73.0056363
Sector 35G,mumbai,19.054999,72.8692035
Sector 5,mumbai,19.2820188,72.8629528
Sector 35I Kharghar,mumbai,19.131577,72.891418
Sector35D Kharghar,mumbai,19.131577,72.891418
Sector34 A Kharghar,mumbai,19.046766,73.0805309
Sector 30,mumbai,19.131577,72.891418
Sector 36 Kharghar,mumbai,19.0137189,73.0099904
Sector 11 Belapur,mumbai,19.131577,72.891418
Sector-34B Kharghar,mumbai,19.131577,72.891418
Dombivali East,mumbai,19.210826,73.088411
Roadpali,mumbai,19.041297,73.101308
Sector-50 Seawoods,mumbai,19.0137801,73.0229772
Mumbai Highway,mumbai,19.054999,72.8692035
Sector 7 Kharghar,mumbai,19.0277958,72.8682934
Lokhandwala Township,mumbai,19.143628,72.82553
Andheri,mumbai,19.1196976,72.8464205
Andheri West,mumbai,19.1172495,72.833968
Shastri Nagar,mumbai,19.1380387,72.8280164
Wadala East Wadala,mumbai,19.0347644,72.8767433
Kalwa,mumbai,23.5216673,76.1706317
PARSIK NAGAR,mumbai,19.131577,72.891418
Maharashtra Nagar,mumbai,19.049806,72.938375
Patlipada,mumbai,19.246278,72.975798
Belapur,mumbai,19.0417032,73.0365059
Seawoods,mumbai,19.0240071,73.0231545
Majiwada,mumbai,19.131577,72.891418
4 Bunglows,mumbai,19.0448524,72.9101569
Airoli,mumbai,19.1582719,72.9967088
Kolshet Road,mumbai,19.131577,72.891418
Sector 10 Khanda Colony,mumbai,19.042211,72.946585
Pokharan Road,mumbai,19.131577,72.891418
Kharegaon,mumbai,19.131577,72.891418
Panch Pakhadi,mumbai,19.131577,72.891418
Sector 36 Kamothe,mumbai,19.042211,72.946585
Dombivli (West),mumbai,19.2221822,73.0809274
DN Nagar Road,mumbai,19.077181,72.862581
Godrej Hill,mumbai,19.1116978,72.9234406
Ganesh Nagar,mumbai,19.0552238,72.8938192
Haware City,mumbai,19.0811499,72.881926
Mahatma Gandhi Road,mumbai,19.0755317,72.9034594
Akurli Nagar,mumbai,19.131577,72.891418
Kasar vadavali,mumbai,18.955191,73.11839
Vasai West,mumbai,19.131577,72.891418
Mumbai Nashik Expressway,mumbai,19.131577,72.891418
Katrap,mumbai,19.131577,72.891418
Mira Road,mumbai,19.2813147,72.8747815
Kasheli,mumbai,19.236407,73.014602
Western Express Highway Kandivali East,mumbai,19.0486775,72.8318368
Vasind,mumbai,19.4017041,73.2478225
KASHELI,mumbai,19.236407,73.014602
Thakurli,mumbai,19.2222373,73.0960108
Shakti Nagar,mumbai,19.1427366,72.8334309
Bhayandar East,mumbai,19.131577,72.891418
Dahisar East,mumbai,19.2599822,72.8598732
ulhasnagar 4,mumbai,19.0346421,72.9279588
Sector-26 Taloja,mumbai,19.042211,72.946585
Koproli,mumbai,18.883438,72.989376
Mumbai Central,mumbai,18.9695855,72.8193152
Greater Khanda,mumbai,18.940629,72.834298
link road borivali west,mumbai,19.2313925,72.8408607
Manpada,mumbai,19.234004,72.968639
Sector 2 Ulwe,mumbai,19.042211,72.946585
Govind nagar,mumbai,19.2318895,72.8500816
Krishanlal Marwah Marg,mumbai,19.131577,72.891418
Sector-9 Ulwe,mumbai,19.131577,72.891418
Vikhroli,mumbai,19.109204,72.932402
Kalamboli,mumbai,19.018718,73.106111
Lokhandwala,mumbai,19.1430826,72.8246153
Patel Nagar,mumbai,19.0255252,72.8891898
Yari Road,mumbai,19.13589,72.8112316
Thakur complex,mumbai,19.1353511,72.8173628
Khar West,mumbai,19.0555914,72.827141
Sector 11 Kharghar,mumbai,19.1190978,72.9926125
Ghansoli,mumbai,19.1163797,73.0069928
Sector8 Sanpada,mumbai,19.131577,72.891418
Jeejamata Nagar,mumbai,18.9923853,72.8187299
Shreyas Colony,mumbai,19.0408076,72.8611502
Kannamwar Nagar II,mumbai,19.1168383,72.9401198
gokuldham,mumbai,19.220311,72.8517421
Bangur Nagar,mumbai,19.1559606,72.8283084
Shivaji Colony,mumbai,19.026521,72.8385
Jawahar Nagar,mumbai,17.4076626,78.4928021
Vedant Complex,mumbai,19.099655,72.853051
Titwala,mumbai,19.2963414,73.2032791
Manvel pada Road,mumbai,19.131577,72.891418
Govandi,mumbai,19.0566802,72.9224217
Shilphata Road Thane,mumbai,19.131577,72.891418
Vasant Vihar,mumbai,19.069717,72.8331727
Thakur Village,mumbai,19.2097189,72.8759248
Samata nagar,mumbai,19.2072164,72.8705139
Wadi Bandar,mumbai,18.9566459,72.8411014
Kapurbawadi,mumbai,19.217551,72.9799622
Thane Belapur Road Kalwa,mumbai,19.111159,73.009763
Suburbs Mumbai,mumbai,19.097238,72.902239
Ramdev Park,mumbai,19.077136,72.890031
Sector-35 Kamothe,mumbai,19.0408013,72.9464836
Sector 58A Seawoods Navi Mumbai,mumbai,19.015633,73.0170641
Diva,mumbai,19.1484813,72.9910368
Borivali,mumbai,19.2298129,72.8471376
Gundavali Gaothan,mumbai,19.0558728,72.9088716
Kondivita Road,mumbai,19.112413,72.8710949
Koldongri,mumbai,19.111572,72.8506989
Saki Naka,mumbai,19.103494,72.888079
Bhayandar West,mumbai,19.131577,72.891418
Versova,mumbai,19.1309837,72.8187345
Hanuman Nagar,mumbai,19.1412761,72.9207605
worli sea face,mumbai,18.95662,72.81146
Sea Face,mumbai,19.0713219,72.8224758
Shiv Sagar Estate,mumbai,18.9888337,72.8134226
Grant Road West,mumbai,19.131577,72.891418
Sriprastha,mumbai,19.422397,72.80161
Off Nepean Sea Road,mumbai,18.9590583,72.8035239
Morya Nagar,mumbai,19.09804,72.888616
Upper Worli,mumbai,18.9869676,72.8285467
worli sea Fase,mumbai,19.049973,72.838739
Powai,mumbai,19.1187195,72.9073476
Agripada,mumbai,19.0868893,72.8447655
Sion,mumbai,19.0538325,72.8960588
Girgaon,mumbai,26.3652674,78.553631
IT Colony,mumbai,19.026164,72.84535
Bhayandarpada,mumbai,19.131577,72.891418
Sector-24 Kamothe,mumbai,19.0408013,72.9464836
Phase 2,mumbai,19.0775039,72.8848272
Sector 6,mumbai,19.1212266,73.003099
Malad,mumbai,19.1852851,72.8358611
Haji Ali,mumbai,18.9827538,72.8088873
Majiwada thane,mumbai,19.197002,72.977524
Yogi Hills,mumbai,19.1845884,72.9379668
Sector 19 Nerul,mumbai,19.131577,72.891418
Owale,mumbai,18.064084,73.327185
MG Road,mumbai,19.1495114,72.8683501
roadpali navimumbai,mumbai,19.041297,73.101308
Taloja Bypass Nitalas Link Road,mumbai,19.131577,72.891418
Rasayani,mumbai,18.8980124,73.2030599
Sector 10 Kamothe,mumbai,19.042211,72.946585
kavesar,mumbai,19.26027,72.990106
Kopara,mumbai,19.0609221,72.8364284
royal palms goregaon east,mumbai,19.158471,72.878995
Dadar West,mumbai,19.0189574,72.8328283
vrindavan society,mumbai,19.0512057,72.8680624
CBD Belapur East,mumbai,19.0234849,73.0384895
Parel Village,mumbai,19.007547,72.845846
Karave Nagar,mumbai,19.131577,72.891418
Sector 19A Nerul,mumbai,19.131577,72.891418
Antop Hill,mumbai,19.0267547,72.86421
Suman Nagar,mumbai,19.020552,72.87059
Bhakti Park,mumbai,19.0278681,72.8795682
Hanuman Chowk,mumbai,19.131577,72.891418
Willingdon,mumbai,19.0782328,72.839313
VishnuNagar,mumbai,20.389922,74.951242
Vichumbe,mumbai,18.988317,73.131625
Vashi,mumbai,19.0632481,72.9987966
Poonam Sagar Complex,mumbai,19.1369178,72.869128
Santacruz East,mumbai,19.0859925,72.8462327
Mulund East,mumbai,19.1704719,72.9610447
Sector-8 Sanpada,mumbai,19.0607337,73.0116775
Sector-9 Ghansoli,mumbai,19.1167067,72.9983145
Balkum,mumbai,19.131577,72.891418
Hiranandani Estates,mumbai,19.131577,72.891418
Vartak Nagar,mumbai,19.131577,72.891418
Charkop,mumbai,19.2141193,72.8258652
Vazira,mumbai,19.228962,72.844815
Four Bunglows,mumbai,19.1291815,72.8265924
Palava,mumbai,19.1683058,73.0733977
Oshiwara Police Station Road,mumbai,19.1490559,72.8328434
Seven Bunglow,mumbai,19.0719141,72.8797897
Poddar Road,mumbai,19.1856313,72.8539096
Gulmohar Road,mumbai,19.1136366,72.8368659
Vile Parle E,mumbai,19.103908,72.840301
Pokhran Road No 2,mumbai,19.131577,72.891418
Sainath Nagar,mumbai,19.0941778,72.9108738
Kapur Bawdi,mumbai,18.968957,72.842933
Kolshet Industrial Area,mumbai,19.218266,72.978071
Sector16 Ulwe,mumbai,19.042211,72.946585
Anand Nagar Thane West,mumbai,19.081732,72.848063
Charkop Sector 8,mumbai,19.2141193,72.8258652
Vile Parle,mumbai,19.0999098,72.8440038
Marine Lines,mumbai,18.945764,72.8237193
Bandra Kurla Complex,mumbai,19.067115,72.8657245
sec 50 new,mumbai,19.030043,72.861428
Vakola Pipeline Road,mumbai,19.0788203,72.8514324
Neral,mumbai,19.0274308,73.3184369
Shil Phata,mumbai,19.110881,73.003137
Ville Parle East,mumbai,19.1159409,72.8312863
matunga east,mumbai,19.0261579,72.8520846
Dharavi,mumbai,19.044463,72.8586177
vile parle west,mumbai,19.103908,72.840301
Uran,mumbai,19.0333567,73.0296164
Boisar,mumbai,19.1913367,72.8726581
Kanjurmarg East,mumbai,19.1240536,72.9386742
Kurla West,mumbai,19.0686026,72.876583
Sewri,mumbai,19.0523278,72.8798
Matunga,mumbai,19.0314768,72.8468509
Goregaon (East),mumbai,19.1524194,72.8565586
Malabar Hill,mumbai,18.9581616,72.8033665
Ambivali,mumbai,19.1331195,72.8251336
Nalasopara East,mumbai,19.0645019,72.8803229
Vijay Nagar,mumbai,19.1215307,72.8796691
Chedda Nagar,mumbai,19.09804,72.888616
Kurla East,mumbai,19.0628944,72.8825604
Kharodi,mumbai,19.1921813,72.820581
Ville Parle West,mumbai,19.1,72.833333
Vikhroli West,mumbai,19.114541,72.9257184
Wadala East,mumbai,19.0347644,72.8767433
Palidevad,mumbai,19.131577,72.891418
Vikroli East,mumbai,19.0645019,72.8803229
Mahim,mumbai,19.0427721,72.8407925
Khalapur,mumbai,18.7707389,73.3440211
Karjat,mumbai,19.131577,72.891418
Vitthalwadi,mumbai,18.4821529,73.8261509
Bhoiwada Kalyan,mumbai,19.029467,72.87041
Beturkar Pada,mumbai,19.083919,72.847376
Ambivli,mumbai,19.131594,72.834629
Nilje Gaon,mumbai,19.048287,72.925976
Khopoli,mumbai,18.770565,73.3426355
Taloje,mumbai,19.079148,73.0878581
Gulal Wadi,mumbai,18.9559494,72.8285412
Tilak Nagar Mumbai,mumbai,19.0692377,72.8978464
Chandivali,mumbai,19.1091482,72.8945793
Nere,mumbai,19.011781,73.171057
Sector 9 Airoli,mumbai,19.1485101,72.9924465
Diva Gaon,mumbai,19.048287,72.925976
Sen Nagar,mumbai,19.09804,72.888616
Syndicate,mumbai,18.9738655,72.8090463
Gandhar Nagar,mumbai,19.131577,72.891418
Byculla,mumbai,18.9733277,72.8339765
Padle Gaon,mumbai,19.048287,72.925976
